This is pdfTeX, Version 3.141592653-2.6-1.40.26 (TeX Live 2024) (preloaded format=pdflatex 2024.4.18)  10 OCT 2026 12:00
entering extended mode
 restricted \write18 enabled.
 %&-line parsing enabled.
**EFT_1_after_F.tex
(./EFT_1_after_F.tex
LaTeX2e <2023-11-01> patch level 1
L3 programming layer <2024-03-14>
(c:/texlive/2024/texmf-dist/tex/latex/base/article.cls
Document Class: article 2023/05/17 v1.4n Standard LaTeX document class
(c:/texlive/2024/texmf-dist/tex/latex/base/size10.clo
File: size10.clo 2023/05/17 v1.4n Standard LaTeX file (size option)
)
\c@part=\count188
\c@section=\count189
\c@subsection=\count190
\c@subsubsection=\count191
\c@paragraph=\count192
\c@subparagraph=\count193
\c@figure=\count194
\c@table=\count195
\abovecaptionskip=\skip48
\belowcaptionskip=\skip49
\bibindent=\dimen140
)
(c:/texlive/2024/texmf-dist/tex/latex/geometry/geometry.sty
Package: geometry 2020/01/02 v5.9 Page Geometry

(c:/texlive/2024/texmf-dist/tex/latex/graphics/keyval.sty
Package: keyval 2022/05/29 v1.15 key=value parser (DPC)
\KV@toks@=\toks17
)
(c:/texlive/2024/texmf-dist/tex/generic/iftex/ifvtex.sty
Package: ifvtex 2019/10/25 v1.7 ifvtex legacy package. Use iftex instead.

(c:/texlive/2024/texmf-dist/tex/generic/iftex/iftex.sty
Package: iftex 2022/02/03 v1.0f TeX engine tests
))
\Gm@cnth=\count196
\Gm@cntv=\count197
\c@Gm@tempcnt=\count198
\Gm@bindingoffset=\dimen141
\Gm@wd@mp=\dimen142
\Gm@odd@mp=\dimen143
\Gm@even@mp=\dimen144
\Gm@layoutwidth=\dimen145
\Gm@layoutheight=\dimen146
\Gm@layouthoffset=\dimen147
\Gm@layoutvoffset=\dimen148
\Gm@dimlist=\toks18
)
(c:/texlive/2024/texmf-dist/tex/latex/amsmath/amsmath.sty
Package: amsmath 2023/05/13 v2.17o AMS math features
\@mathmargin=\skip50

For additional information on amsmath, use the `?' option.
(c:/texlive/2024/texmf-dist/tex/latex/amsmath/amstext.sty
Package: amstext 2021/08/26 v2.01 AMS text

(c:/texlive/2024/texmf-dist/tex/latex/amsmath/amsgen.sty
File: amsgen.sty 1999/11/30 v2.0 generic functions
\@emptytoks=\toks19
\ex@=\dimen149
))
(c:/texlive/2024/texmf-dist/tex/latex/amsmath/amsbsy.sty
Package: amsbsy 1999/11/29 v1.2d Bold Symbols
\pmbraise@=\dimen150
)
(c:/texlive/2024/texmf-dist/tex/latex/amsmath/amsopn.sty
Package: amsopn 2022/04/08 v2.04 operator names
)
\inf@bad=\count199
LaTeX Info: Redefining \frac on input line 234.
\uproot@=\count266
\leftroot@=\count267
LaTeX Info: Redefining \overline on input line 399.
LaTeX Info: Redefining \colon on input line 410.
\classnum@=\count268
\DOTSCASE@=\count269
LaTeX Info: Redefining \ldots on input line 496.
LaTeX Info: Redefining \dots on input line 499.
LaTeX Info: Redefining \cdots on input line 620.
\Mathstrutbox@=\box51
\strutbox@=\box52
LaTeX Info: Redefining \big on input line 722.
LaTeX Info: Redefining \Big on input line 723.
LaTeX Info: Redefining \bigg on input line 724.
LaTeX Info: Redefining \Bigg on input line 725.
\big@size=\dimen151
LaTeX Font Info:    Redeclaring font encoding OML on input line 743.
LaTeX Font Info:    Redeclaring font encoding OMS on input line 744.
\macc@depth=\count270
LaTeX Info: Redefining \bmod on input line 905.
LaTeX Info: Redefining \pmod on input line 910.
LaTeX Info: Redefining \smash on input line 940.
LaTeX Info: Redefining \relbar on input line 970.
LaTeX Info: Redefining \Relbar on input line 971.
\c@MaxMatrixCols=\count271
\dotsspace@=\muskip16
\c@parentequation=\count272
\dspbrk@lvl=\count273
\tag@help=\toks20
\row@=\count274
\column@=\count275
\maxfields@=\count276
\andhelp@=\toks21
\eqnshift@=\dimen152
\alignsep@=\dimen153
\tagshift@=\dimen154
\tagwidth@=\dimen155
\totwidth@=\dimen156
\lineht@=\dimen157
\@envbody=\toks22
\multlinegap=\skip51
\multlinetaggap=\skip52
\mathdisplay@stack=\toks23
LaTeX Info: Redefining \[ on input line 2953.
LaTeX Info: Redefining \] on input line 2954.
)
(c:/texlive/2024/texmf-dist/tex/latex/amsfonts/amssymb.sty
Package: amssymb 2013/01/14 v3.01 AMS font symbols

(c:/texlive/2024/texmf-dist/tex/latex/amsfonts/amsfonts.sty
Package: amsfonts 2013/01/14 v3.01 Basic AMSFonts support
\symAMSa=\mathgroup4
\symAMSb=\mathgroup5
LaTeX Font Info:    Redeclaring math symbol \hbar on input line 98.
LaTeX Font Info:    Overwriting math alphabet `\mathfrak' in version `bold'
(Font)                  U/euf/m/n --> U/euf/b/n on input line 106.
))
(c:/texlive/2024/texmf-dist/tex/latex/mathtools/mathtools.sty
Package: mathtools 2024/03/11 v1.30 mathematical typesetting tools

(c:/texlive/2024/texmf-dist/tex/latex/tools/calc.sty
Package: calc 2023/07/08 v4.3 Infix arithmetic (KKT,FJ)
\calc@Acount=\count277
\calc@Bcount=\count278
\calc@Adimen=\dimen158
\calc@Bdimen=\dimen159
\calc@Askip=\skip53
\calc@Bskip=\skip54
LaTeX Info: Redefining \setlength on input line 80.
LaTeX Info: Redefining \addtolength on input line 81.
\calc@Ccount=\count279
\calc@Cskip=\skip55
)
(c:/texlive/2024/texmf-dist/tex/latex/mathtools/mhsetup.sty
Package: mhsetup 2021/03/18 v1.4 programming setup (MH)
)
\g_MT_multlinerow_int=\count280
\l_MT_multwidth_dim=\dimen160
\origjot=\skip56
\l_MT_shortvdotswithinadjustabove_dim=\dimen161
\l_MT_shortvdotswithinadjustbelow_dim=\dimen162
\l_MT_above_intertext_sep=\dimen163
\l_MT_below_intertext_sep=\dimen164
\l_MT_above_shortintertext_sep=\dimen165
\l_MT_below_shortintertext_sep=\dimen166
\xmathstrut@box=\box53
\xmathstrut@dim=\dimen167
)
(c:/texlive/2024/texmf-dist/tex/latex/booktabs/booktabs.sty
Package: booktabs 2020/01/12 v1.61803398 Publication quality tables
\heavyrulewidth=\dimen168
\lightrulewidth=\dimen169
\cmidrulewidth=\dimen170
\belowrulesep=\dimen171
\belowbottomsep=\dimen172
\aboverulesep=\dimen173
\abovetopsep=\dimen174
\cmidrulesep=\dimen175
\cmidrulekern=\dimen176
\defaultaddspace=\dimen177
\@cmidla=\count281
\@cmidlb=\count282
\@aboverulesep=\dimen178
\@belowrulesep=\dimen179
\@thisruleclass=\count283
\@lastruleclass=\count284
\@thisrulewidth=\dimen180
)
(c:/texlive/2024/texmf-dist/tex/latex/tools/longtable.sty
Package: longtable 2023-11-01 v4.19 Multi-page Table package (DPC)
\LTleft=\skip57
\LTright=\skip58
\LTpre=\skip59
\LTpost=\skip60
\LTchunksize=\count285
\LTcapwidth=\dimen181
\LT@head=\box54
\LT@firsthead=\box55
\LT@foot=\box56
\LT@lastfoot=\box57
\LT@gbox=\box58
\LT@cols=\count286
\LT@rows=\count287
\c@LT@tables=\count288
\c@LT@chunks=\count289
\LT@p@ftn=\toks24
)
(c:/texlive/2024/texmf-dist/tex/latex/tools/array.sty
Package: array 2023/10/16 v2.5g Tabular extension package (FMi)
\col@sep=\dimen182
\ar@mcellbox=\box59
\extrarowheight=\dimen183
\NC@list=\toks25
\extratabsurround=\skip61
\backup@length=\skip62
\ar@cellbox=\box60
)
(c:/texlive/2024/texmf-dist/tex/latex/adjustbox/adjustbox.sty
Package: adjustbox 2022/10/17 v1.3a Adjusting TeX boxes (trim, clip, ...)

(c:/texlive/2024/texmf-dist/tex/latex/xkeyval/xkeyval.sty
Package: xkeyval 2022/06/16 v2.9 package option processing (HA)

(c:/texlive/2024/texmf-dist/tex/generic/xkeyval/xkeyval.tex
(c:/texlive/2024/texmf-dist/tex/generic/xkeyval/xkvutils.tex
\XKV@toks=\toks26
\XKV@tempa@toks=\toks27
)
\XKV@depth=\count290
File: xkeyval.tex 2014/12/03 v2.7a key=value parser (HA)
))
(c:/texlive/2024/texmf-dist/tex/latex/adjustbox/adjcalc.sty
Package: adjcalc 2012/05/16 v1.1 Provides advanced setlength with multiple back
-ends (calc, etex, pgfmath)
)
(c:/texlive/2024/texmf-dist/tex/latex/adjustbox/trimclip.sty
Package: trimclip 2020/08/19 v1.2 Trim and clip general TeX material

(c:/texlive/2024/texmf-dist/tex/latex/graphics/graphicx.sty
Package: graphicx 2021/09/16 v1.2d Enhanced LaTeX Graphics (DPC,SPQR)

(c:/texlive/2024/texmf-dist/tex/latex/graphics/graphics.sty
Package: graphics 2022/03/10 v1.4e Standard LaTeX Graphics (DPC,SPQR)

(c:/texlive/2024/texmf-dist/tex/latex/graphics/trig.sty
Package: trig 2021/08/11 v1.11 sin cos tan (DPC)
)
(c:/texlive/2024/texmf-dist/tex/latex/graphics-cfg/graphics.cfg
File: graphics.cfg 2016/06/04 v1.11 sample graphics configuration
)
Package graphics Info: Driver file: pdftex.def on input line 107.

(c:/texlive/2024/texmf-dist/tex/latex/graphics-def/pdftex.def
File: pdftex.def 2024/04/13 v1.2c Graphics/color driver for pdftex
))
\Gin@req@height=\dimen184
\Gin@req@width=\dimen185
)
(c:/texlive/2024/texmf-dist/tex/latex/collectbox/collectbox.sty
Package: collectbox 2022/10/17 v0.4c Collect macro arguments as boxes
\collectedbox=\box61
)
\tc@llx=\dimen186
\tc@lly=\dimen187
\tc@urx=\dimen188
\tc@ury=\dimen189
Package trimclip Info: Using driver 'tc-pdftex.def'.

(c:/texlive/2024/texmf-dist/tex/latex/adjustbox/tc-pdftex.def
File: tc-pdftex.def 2019/01/04 v2.2 Clipping driver for pdftex
))
\adjbox@Width=\dimen190
\adjbox@Height=\dimen191
\adjbox@Depth=\dimen192
\adjbox@Totalheight=\dimen193
\adjbox@pwidth=\dimen194
\adjbox@pheight=\dimen195
\adjbox@pdepth=\dimen196
\adjbox@ptotalheight=\dimen197

(c:/texlive/2024/texmf-dist/tex/latex/ifoddpage/ifoddpage.sty
Package: ifoddpage 2022/10/18 v1.2 Conditionals for odd/even page detection
\c@checkoddpage=\count291
)
(c:/texlive/2024/texmf-dist/tex/latex/varwidth/varwidth.sty
Package: varwidth 2009/03/30 ver 0.92;  Variable-width minipages
\@vwid@box=\box62
\sift@deathcycles=\count292
\@vwid@loff=\dimen198
\@vwid@roff=\dimen199
))
(c:/texlive/2024/texmf-dist/tex/latex/pdflscape/pdflscape.sty
Package: pdflscape 2022-10-27 v0.13 Display of landscape pages in PDF

(c:/texlive/2024/texmf-dist/tex/latex/pdflscape/pdflscape-nometadata.sty
Package: pdflscape-nometadata 2022-10-28 v0.13 Display of landscape pages in PD
F (HO)

(c:/texlive/2024/texmf-dist/tex/latex/graphics/lscape.sty
Package: lscape 2020/05/28 v3.02 Landscape Pages (DPC)
)
Package pdflscape Info: Auto-detected driver: pdftex on input line 81.
))
(c:/texlive/2024/texmf-dist/tex/latex/microtype/microtype.sty
Package: microtype 2024/03/29 v3.1b Micro-typographical refinements (RS)

(c:/texlive/2024/texmf-dist/tex/latex/etoolbox/etoolbox.sty
Package: etoolbox 2020/10/05 v2.5k e-TeX tools for LaTeX (JAW)
\etb@tempcnta=\count293
)
\MT@toks=\toks28
\MT@tempbox=\box63
\MT@count=\count294
LaTeX Info: Redefining \noprotrusionifhmode on input line 1061.
LaTeX Info: Redefining \leftprotrusion on input line 1062.
\MT@prot@toks=\toks29
LaTeX Info: Redefining \rightprotrusion on input line 1081.
LaTeX Info: Redefining \textls on input line 1392.
\MT@outer@kern=\dimen256
LaTeX Info: Redefining \textmicrotypecontext on input line 2013.
\MT@listname@count=\count295

(c:/texlive/2024/texmf-dist/tex/latex/microtype/microtype-pdftex.def
File: microtype-pdftex.def 2024/03/29 v3.1b Definitions specific to pdftex (RS)

LaTeX Info: Redefining \lsstyle on input line 902.
LaTeX Info: Redefining \lslig on input line 902.
\MT@outer@space=\skip63
)
Package microtype Info: Loading configuration file microtype.cfg.

(c:/texlive/2024/texmf-dist/tex/latex/microtype/microtype.cfg
File: microtype.cfg 2024/03/29 v3.1b microtype main configuration file (RS)
))
(c:/texlive/2024/texmf-dist/tex/latex/ragged2e/ragged2e.sty
Package: ragged2e 2023/06/22 v3.6 ragged2e Package
\CenteringLeftskip=\skip64
\RaggedLeftLeftskip=\skip65
\RaggedRightLeftskip=\skip66
\CenteringRightskip=\skip67
\RaggedLeftRightskip=\skip68
\RaggedRightRightskip=\skip69
\CenteringParfillskip=\skip70
\RaggedLeftParfillskip=\skip71
\RaggedRightParfillskip=\skip72
\JustifyingParfillskip=\skip73
\CenteringParindent=\skip74
\RaggedLeftParindent=\skip75
\RaggedRightParindent=\skip76
\JustifyingParindent=\skip77
)
(c:/texlive/2024/texmf-dist/tex/latex/base/fontenc.sty
Package: fontenc 2021/04/29 v2.0v Standard LaTeX package
)
(c:/texlive/2024/texmf-dist/tex/latex/l3backend/l3backend-pdftex.def
File: l3backend-pdftex.def 2024-03-14 L3 backend support: PDF output (pdfTeX)
\l__color_backend_stack_int=\count296
\l__pdf_internal_box=\box64
)

LaTeX Warning: Unused global option(s):
    [7pt].

(./EFT_1_after_F.aux)
\openout1 = `EFT_1_after_F.aux'.

LaTeX Font Info:    Checking defaults for OML/cmm/m/it on input line 11.
LaTeX Font Info:    ... okay on input line 11.
LaTeX Font Info:    Checking defaults for OMS/cmsy/m/n on input line 11.
LaTeX Font Info:    ... okay on input line 11.
LaTeX Font Info:    Checking defaults for OT1/cmr/m/n on input line 11.
LaTeX Font Info:    ... okay on input line 11.
LaTeX Font Info:    Checking defaults for T1/cmr/m/n on input line 11.
LaTeX Font Info:    ... okay on input line 11.
LaTeX Font Info:    Checking defaults for TS1/cmr/m/n on input line 11.
LaTeX Font Info:    ... okay on input line 11.
LaTeX Font Info:    Checking defaults for OMX/cmex/m/n on input line 11.
LaTeX Font Info:    ... okay on input line 11.
LaTeX Font Info:    Checking defaults for U/cmr/m/n on input line 11.
LaTeX Font Info:    ... okay on input line 11.

*geometry* driver: auto-detecting
*geometry* detected driver: pdftex
*geometry* verbose mode - [ preamble ] result:
* driver: pdftex
* paper: a4paper
* layout: <same size as paper>
* layoutoffset:(h,v)=(0.0pt,0.0pt)
* modes: 
* h-part:(L,W,R)=(19.91684pt, 557.6742pt, 19.91684pt)
* v-part:(T,H,B)=(19.91684pt, 805.21317pt, 19.91684pt)
* \paperwidth=597.50787pt
* \paperheight=845.04684pt
* \textwidth=557.6742pt
* \textheight=805.21317pt
* \oddsidemargin=-52.35315pt
* \evensidemargin=-52.35315pt
* \topmargin=-89.35315pt
* \headheight=12.0pt
* \headsep=25.0pt
* \topskip=10.0pt
* \footskip=30.0pt
* \marginparwidth=65.0pt
* \marginparsep=11.0pt
* \columnsep=10.0pt
* \skip\footins=9.0pt plus 4.0pt minus 2.0pt
* \hoffset=0.0pt
* \voffset=0.0pt
* \mag=1000
* \@twocolumnfalse
* \@twosidefalse
* \@mparswitchfalse
* \@reversemarginfalse
* (1in=72.27pt=25.4mm, 1cm=28.453pt)

(c:/texlive/2024/texmf-dist/tex/context/base/mkii/supp-pdf.mkii
[Loading MPS to PDF converter (version 2006.09.02).]
\scratchcounter=\count297
\scratchdimen=\dimen257
\scratchbox=\box65
\nofMPsegments=\count298
\nofMParguments=\count299
\everyMPshowfont=\toks30
\MPscratchCnt=\count300
\MPscratchDim=\dimen258
\MPnumerator=\count301
\makeMPintoPDFobject=\count302
\everyMPtoPDFconversion=\toks31
) (c:/texlive/2024/texmf-dist/tex/latex/epstopdf-pkg/epstopdf-base.sty
Package: epstopdf-base 2020-01-24 v2.11 Base part for package epstopdf

(c:/texlive/2024/texmf-dist/tex/generic/infwarerr/infwarerr.sty
Package: infwarerr 2019/12/03 v1.5 Providing info/warning/error messages (HO)
)
(c:/texlive/2024/texmf-dist/tex/latex/grfext/grfext.sty
Package: grfext 2019/12/03 v1.3 Manage graphics extensions (HO)

(c:/texlive/2024/texmf-dist/tex/generic/kvdefinekeys/kvdefinekeys.sty
Package: kvdefinekeys 2019-12-19 v1.6 Define keys (HO)
))
(c:/texlive/2024/texmf-dist/tex/latex/kvoptions/kvoptions.sty
Package: kvoptions 2022-06-15 v3.15 Key value format for package options (HO)

(c:/texlive/2024/texmf-dist/tex/generic/ltxcmds/ltxcmds.sty
Package: ltxcmds 2023-12-04 v1.26 LaTeX kernel commands for general use (HO)
)
(c:/texlive/2024/texmf-dist/tex/latex/kvsetkeys/kvsetkeys.sty
Package: kvsetkeys 2022-10-05 v1.19 Key value parser (HO)
))
(c:/texlive/2024/texmf-dist/tex/generic/pdftexcmds/pdftexcmds.sty
Package: pdftexcmds 2020-06-27 v0.33 Utility functions of pdfTeX for LuaTeX (HO
)
Package pdftexcmds Info: \pdf@primitive is available.
Package pdftexcmds Info: \pdf@ifprimitive is available.
Package pdftexcmds Info: \pdfdraftmode found.
)
Package epstopdf-base Info: Redefining graphics rule for `.eps' on input line 4
85.
Package grfext Info: Graphics extension search list:
(grfext)             [.pdf,.png,.jpg,.mps,.jpeg,.jbig2,.jb2,.PDF,.PNG,.JPG,.JPE
G,.JBIG2,.JB2,.eps]
(grfext)             \AppendGraphicsExtensions on input line 504.

(c:/texlive/2024/texmf-dist/tex/latex/latexconfig/epstopdf-sys.cfg
File: epstopdf-sys.cfg 2010/07/13 v1.3 Configuration of (r)epstopdf for TeX Liv
e
))
LaTeX Info: Redefining \microtypecontext on input line 11.
Package microtype Info: Applying patch `item' on input line 11.
Package microtype Info: Applying patch `toc' on input line 11.
Package microtype Info: Applying patch `eqnum' on input line 11.
Package microtype Info: Applying patch `footnote' on input line 11.
Package microtype Info: Applying patch `verbatim' on input line 11.
Package microtype Info: Generating PDF output.
Package microtype Info: Character protrusion enabled (level 2).
Package microtype Info: Using default protrusion set `alltext'.
Package microtype Info: Automatic font expansion enabled (level 2),
(microtype)             stretch: 20, shrink: 20, step: 1, non-selected.
Package microtype Info: Using default expansion set `alltext-nott'.
LaTeX Info: Redefining \showhyphens on input line 11.
Package microtype Info: No adjustment of tracking.
Package microtype Info: No adjustment of interword spacing.
Package microtype Info: No adjustment of character kerning.

(c:/texlive/2024/texmf-dist/tex/latex/microtype/mt-cmr.cfg
File: mt-cmr.cfg 2013/05/19 v2.2 microtype config. file: Computer Modern Roman 
(RS)
)
LaTeX Font Info:    Trying to load font information for U+msa on input line 13.


(c:/texlive/2024/texmf-dist/tex/latex/amsfonts/umsa.fd
File: umsa.fd 2013/01/14 v3.01 AMS symbols A
)
(c:/texlive/2024/texmf-dist/tex/latex/microtype/mt-msa.cfg
File: mt-msa.cfg 2006/02/04 v1.1 microtype config. file: AMS symbols (a) (RS)
)
LaTeX Font Info:    Trying to load font information for U+msb on input line 13.


(c:/texlive/2024/texmf-dist/tex/latex/amsfonts/umsb.fd
File: umsb.fd 2013/01/14 v3.01 AMS symbols B
)
(c:/texlive/2024/texmf-dist/tex/latex/microtype/mt-msb.cfg
File: mt-msb.cfg 2005/06/01 v1.0 microtype config. file: AMS symbols (b) (RS)
)
Underfull \hbox (badness 10000) in alignment at lines 18--58
[] []
 []

[1


{c:/texlive/2024/texmf-var/fonts/map/pdftex/updmap/pdftex.map}{c:/texlive/2024/
texmf-dist/fonts/enc/dvips/cm-super/cm-super-t1.enc}]
Underfull \hbox (badness 10000) in alignment at lines 75--79
[] [] [] [] [] [] [] [] [] []
 []


Underfull \hbox (badness 10000) in alignment at lines 79--83
[] [] [] [] [] [] [] [] [] []
 []


Underfull \hbox (badness 10000) in alignment at lines 83--117
[] [] [] [] [] [] [] [] [] []
 []

[2] [3]
Underfull \hbox (badness 10000) in alignment at lines 134--138
[] [] [] [] [] [] [] [] [] []
 []


Underfull \hbox (badness 10000) in alignment at lines 138--142
[] [] [] [] [] [] [] [] [] []
 []


Underfull \hbox (badness 10000) in alignment at lines 142--176
[] [] [] [] [] [] [] [] [] []
 []

[4

]
Underfull \hbox (badness 10000) in alignment at lines 193--197
[] [] [] [] [] [] [] [] [] []
 []


Underfull \hbox (badness 10000) in alignment at lines 197--201
[] [] [] [] [] [] [] [] [] []
 []


Underfull \hbox (badness 10000) in alignment at lines 201--235
[] [] [] [] [] [] [] [] [] []
 []

[5

]
Overfull \hbox (194.73103pt too wide) in alignment at lines 257--261
[] [] [] [] [] [] [] [] [] []
 []


Overfull \hbox (194.73103pt too wide) in alignment at lines 261--265
[] [] [] [] [] [] [] [] [] []
 []


Overfull \hbox (194.73103pt too wide) in alignment at lines 265--299
[] [] [] [] [] [] [] [] [] []
 []

[6

]
Overfull \hbox (194.73103pt too wide) in alignment at lines 319--323
[] [] [] [] [] [] [] [] [] []
 []


Overfull \hbox (194.73103pt too wide) in alignment at lines 323--327
[] [] [] [] [] [] [] [] [] []
 []


Overfull \hbox (194.73103pt too wide) in alignment at lines 327--361
[] [] [] [] [] [] [] [] [] []
 []

[7

]
Underfull \hbox (badness 10000) in alignment at lines 377--381
[] [] [] [] [] [] [] [] [] []
 []


Underfull \hbox (badness 10000) in alignment at lines 381--385
[] [] [] [] [] [] [] [] [] []
 []


Underfull \hbox (badness 10000) in alignment at lines 385--419
[] [] [] [] [] [] [] [] [] []
 []

[8

]
Overfull \hbox (194.73103pt too wide) in alignment at lines 441--445
[] [] [] [] [] [] [] [] [] []
 []


Overfull \hbox (194.73103pt too wide) in alignment at lines 445--449
[] [] [] [] [] [] [] [] [] []
 []


Overfull \hbox (194.73103pt too wide) in alignment at lines 449--483
[] [] [] [] [] [] [] [] [] []
 []

[9

]
Overfull \hbox (194.73103pt too wide) in alignment at lines 503--507
[] [] [] [] [] [] [] [] [] []
 []


Overfull \hbox (194.73103pt too wide) in alignment at lines 507--511
[] [] [] [] [] [] [] [] [] []
 []


Overfull \hbox (194.73103pt too wide) in alignment at lines 511--545
[] [] [] [] [] [] [] [] [] []
 []

[10

]
Underfull \hbox (badness 10000) in alignment at lines 561--565
[] [] [] [] [] [] [] [] [] []
 []


Underfull \hbox (badness 10000) in alignment at lines 565--569
[] [] [] [] [] [] [] [] [] []
 []


Underfull \hbox (badness 10000) in alignment at lines 569--603
[] [] [] [] [] [] [] [] [] []
 []

[11

]
Overfull \hbox (194.73103pt too wide) in alignment at lines 625--629
[] [] [] [] [] [] [] [] [] []
 []


Overfull \hbox (194.73103pt too wide) in alignment at lines 629--633
[] [] [] [] [] [] [] [] [] []
 []


Overfull \hbox (194.73103pt too wide) in alignment at lines 633--667
[] [] [] [] [] [] [] [] [] []
 []

[12

]
Overfull \hbox (194.73103pt too wide) in alignment at lines 687--691
[] [] [] [] [] [] [] [] [] []
 []


Overfull \hbox (194.73103pt too wide) in alignment at lines 691--695
[] [] [] [] [] [] [] [] [] []
 []


Overfull \hbox (194.73103pt too wide) in alignment at lines 695--729
[] [] [] [] [] [] [] [] [] []
 []

[13

]
Overfull \hbox (194.73103pt too wide) in alignment at lines 751--755
[] [] [] [] [] [] [] [] [] []
 []


Overfull \hbox (194.73103pt too wide) in alignment at lines 755--759
[] [] [] [] [] [] [] [] [] []
 []


Overfull \hbox (194.73103pt too wide) in alignment at lines 759--793
[] [] [] [] [] [] [] [] [] []
 []

[14

]
Overfull \hbox (194.73103pt too wide) in alignment at lines 813--817
[] [] [] [] [] [] [] [] [] []
 []


Overfull \hbox (194.73103pt too wide) in alignment at lines 817--821
[] [] [] [] [] [] [] [] [] []
 []


Overfull \hbox (194.73103pt too wide) in alignment at lines 821--855
[] [] [] [] [] [] [] [] [] []
 []

[15

]
Underfull \hbox (badness 10000) in alignment at lines 873--877
[] [] [] [] [] [] [] [] [] []
 []


Underfull \hbox (badness 10000) in alignment at lines 877--881
[] [] [] [] [] [] [] [] [] []
 []


Underfull \hbox (badness 10000) in alignment at lines 881--915
[] [] [] [] [] [] [] [] [] []
 []

[16

]
Overfull \hbox (194.73103pt too wide) in alignment at lines 937--941
[] [] [] [] [] [] [] [] [] []
 []


Overfull \hbox (194.73103pt too wide) in alignment at lines 941--945
[] [] [] [] [] [] [] [] [] []
 []


Overfull \hbox (194.73103pt too wide) in alignment at lines 945--979
[] [] [] [] [] [] [] [] [] []
 []

[17

]
Overfull \hbox (194.73103pt too wide) in alignment at lines 999--1003
[] [] [] [] [] [] [] [] [] []
 []


Overfull \hbox (194.73103pt too wide) in alignment at lines 1003--1007
[] [] [] [] [] [] [] [] [] []
 []


Overfull \hbox (194.73103pt too wide) in alignment at lines 1007--1041
[] [] [] [] [] [] [] [] [] []
 []

[18

]
Underfull \hbox (badness 10000) in alignment at lines 1059--1063
[] [] [] [] [] [] [] [] [] []
 []


Underfull \hbox (badness 10000) in alignment at lines 1063--1067
[] [] [] [] [] [] [] [] [] []
 []


Underfull \hbox (badness 10000) in alignment at lines 1067--1101
[] [] [] [] [] [] [] [] [] []
 []

[19

]
Overfull \hbox (194.73103pt too wide) in alignment at lines 1123--1127
[] [] [] [] [] [] [] [] [] []
 []


Overfull \hbox (194.73103pt too wide) in alignment at lines 1127--1131
[] [] [] [] [] [] [] [] [] []
 []


Overfull \hbox (194.73103pt too wide) in alignment at lines 1131--1165
[] [] [] [] [] [] [] [] [] []
 []

[20

]
Overfull \hbox (194.73103pt too wide) in alignment at lines 1185--1189
[] [] [] [] [] [] [] [] [] []
 []


Overfull \hbox (194.73103pt too wide) in alignment at lines 1189--1193
[] [] [] [] [] [] [] [] [] []
 []


Overfull \hbox (194.73103pt too wide) in alignment at lines 1193--1227
[] [] [] [] [] [] [] [] [] []
 []

[21

]
Overfull \hbox (194.73103pt too wide) in alignment at lines 1247--1251
[] [] [] [] [] [] [] [] [] []
 []


Overfull \hbox (194.73103pt too wide) in alignment at lines 1251--1255
[] [] [] [] [] [] [] [] [] []
 []


Overfull \hbox (194.73103pt too wide) in alignment at lines 1255--1289
[] [] [] [] [] [] [] [] [] []
 []

[22

] [23]
Overfull \hbox (194.73103pt too wide) in alignment at lines 1309--1313
[] [] [] [] [] [] [] [] [] []
 []


Overfull \hbox (194.73103pt too wide) in alignment at lines 1313--1317
[] [] [] [] [] [] [] [] [] []
 []


Overfull \hbox (194.73103pt too wide) in alignment at lines 1317--1351
[] [] [] [] [] [] [] [] [] []
 []

[24

]
Overfull \hbox (194.73103pt too wide) in alignment at lines 1371--1375
[] [] [] [] [] [] [] [] [] []
 []


Overfull \hbox (194.73103pt too wide) in alignment at lines 1375--1379
[] [] [] [] [] [] [] [] [] []
 []


Overfull \hbox (194.73103pt too wide) in alignment at lines 1379--1413
[] [] [] [] [] [] [] [] [] []
 []

[25

]
Overfull \hbox (194.73103pt too wide) in alignment at lines 1433--1437
[] [] [] [] [] [] [] [] [] []
 []


Overfull \hbox (194.73103pt too wide) in alignment at lines 1437--1441
[] [] [] [] [] [] [] [] [] []
 []


Overfull \hbox (194.73103pt too wide) in alignment at lines 1441--1475
[] [] [] [] [] [] [] [] [] []
 []

[26

]
Underfull \hbox (badness 10000) in alignment at lines 1491--1495
[] [] [] [] [] [] [] [] [] []
 []


Underfull \hbox (badness 10000) in alignment at lines 1495--1499
[] [] [] [] [] [] [] [] [] []
 []


Underfull \hbox (badness 10000) in alignment at lines 1499--1533
[] [] [] [] [] [] [] [] [] []
 []

[27

]
Overfull \hbox (194.73103pt too wide) in alignment at lines 1555--1559
[] [] [] [] [] [] [] [] [] []
 []


Overfull \hbox (194.73103pt too wide) in alignment at lines 1559--1563
[] [] [] [] [] [] [] [] [] []
 []


Overfull \hbox (194.73103pt too wide) in alignment at lines 1563--1597
[] [] [] [] [] [] [] [] [] []
 []

[28

]
Overfull \hbox (194.73103pt too wide) in alignment at lines 1617--1621
[] [] [] [] [] [] [] [] [] []
 []


Overfull \hbox (194.73103pt too wide) in alignment at lines 1621--1625
[] [] [] [] [] [] [] [] [] []
 []


Overfull \hbox (194.73103pt too wide) in alignment at lines 1625--1659
[] [] [] [] [] [] [] [] [] []
 []

[29

]
Overfull \hbox (194.73103pt too wide) in alignment at lines 1679--1683
[] [] [] [] [] [] [] [] [] []
 []


Overfull \hbox (194.73103pt too wide) in alignment at lines 1683--1687
[] [] [] [] [] [] [] [] [] []
 []


Overfull \hbox (194.73103pt too wide) in alignment at lines 1687--1721
[] [] [] [] [] [] [] [] [] []
 []

[30

]
Overfull \hbox (194.73103pt too wide) in alignment at lines 1741--1745
[] [] [] [] [] [] [] [] [] []
 []


Overfull \hbox (194.73103pt too wide) in alignment at lines 1745--1749
[] [] [] [] [] [] [] [] [] []
 []


Overfull \hbox (194.73103pt too wide) in alignment at lines 1749--1783
[] [] [] [] [] [] [] [] [] []
 []

[31

]
Overfull \hbox (194.73103pt too wide) in alignment at lines 1803--1807
[] [] [] [] [] [] [] [] [] []
 []


Overfull \hbox (194.73103pt too wide) in alignment at lines 1807--1811
[] [] [] [] [] [] [] [] [] []
 []


Overfull \hbox (194.73103pt too wide) in alignment at lines 1811--1845
[] [] [] [] [] [] [] [] [] []
 []

[32

]
Overfull \hbox (194.73103pt too wide) in alignment at lines 1865--1869
[] [] [] [] [] [] [] [] [] []
 []


Overfull \hbox (194.73103pt too wide) in alignment at lines 1869--1873
[] [] [] [] [] [] [] [] [] []
 []


Overfull \hbox (194.73103pt too wide) in alignment at lines 1873--1907
[] [] [] [] [] [] [] [] [] []
 []

[33

]
Overfull \hbox (194.73103pt too wide) in alignment at lines 1927--1931
[] [] [] [] [] [] [] [] [] []
 []


Overfull \hbox (194.73103pt too wide) in alignment at lines 1931--1935
[] [] [] [] [] [] [] [] [] []
 []


Overfull \hbox (194.73103pt too wide) in alignment at lines 1935--1969
[] [] [] [] [] [] [] [] [] []
 []

[34

]
Underfull \hbox (badness 10000) in alignment at lines 1987--1991
[] [] [] [] [] [] [] [] [] []
 []


Underfull \hbox (badness 10000) in alignment at lines 1991--1995
[] [] [] [] [] [] [] [] [] []
 []


Underfull \hbox (badness 10000) in alignment at lines 1995--2029
[] [] [] [] [] [] [] [] [] []
 []

[35

]
Overfull \hbox (194.73103pt too wide) in alignment at lines 2051--2055
[] [] [] [] [] [] [] [] [] []
 []


Overfull \hbox (194.73103pt too wide) in alignment at lines 2055--2059
[] [] [] [] [] [] [] [] [] []
 []


Overfull \hbox (194.73103pt too wide) in alignment at lines 2059--2093
[] [] [] [] [] [] [] [] [] []
 []

[36

]
Overfull \hbox (194.73103pt too wide) in alignment at lines 2113--2117
[] [] [] [] [] [] [] [] [] []
 []


Overfull \hbox (194.73103pt too wide) in alignment at lines 2117--2121
[] [] [] [] [] [] [] [] [] []
 []


Overfull \hbox (194.73103pt too wide) in alignment at lines 2121--2155
[] [] [] [] [] [] [] [] [] []
 []

[37

]
Overfull \hbox (194.73103pt too wide) in alignment at lines 2175--2179
[] [] [] [] [] [] [] [] [] []
 []


Overfull \hbox (194.73103pt too wide) in alignment at lines 2179--2183
[] [] [] [] [] [] [] [] [] []
 []


Overfull \hbox (194.73103pt too wide) in alignment at lines 2183--2217
[] [] [] [] [] [] [] [] [] []
 []

[38

]
Overfull \hbox (194.73103pt too wide) in alignment at lines 2237--2241
[] [] [] [] [] [] [] [] [] []
 []


Overfull \hbox (194.73103pt too wide) in alignment at lines 2241--2245
[] [] [] [] [] [] [] [] [] []
 []


Overfull \hbox (194.73103pt too wide) in alignment at lines 2245--2279
[] [] [] [] [] [] [] [] [] []
 []

[39

]
Overfull \hbox (194.73103pt too wide) in alignment at lines 2299--2303
[] [] [] [] [] [] [] [] [] []
 []


Overfull \hbox (194.73103pt too wide) in alignment at lines 2303--2307
[] [] [] [] [] [] [] [] [] []
 []


Overfull \hbox (194.73103pt too wide) in alignment at lines 2307--2341
[] [] [] [] [] [] [] [] [] []
 []

[40

]
Overfull \hbox (194.73103pt too wide) in alignment at lines 2361--2365
[] [] [] [] [] [] [] [] [] []
 []


Overfull \hbox (194.73103pt too wide) in alignment at lines 2365--2369
[] [] [] [] [] [] [] [] [] []
 []


Overfull \hbox (194.73103pt too wide) in alignment at lines 2369--2403
[] [] [] [] [] [] [] [] [] []
 []

[41

]
Overfull \hbox (194.73103pt too wide) in alignment at lines 2423--2427
[] [] [] [] [] [] [] [] [] []
 []


Overfull \hbox (194.73103pt too wide) in alignment at lines 2427--2431
[] [] [] [] [] [] [] [] [] []
 []


Overfull \hbox (194.73103pt too wide) in alignment at lines 2431--2465
[] [] [] [] [] [] [] [] [] []
 []

[42

]
Underfull \hbox (badness 10000) in alignment at lines 2483--2487
[] [] [] [] [] [] [] [] [] []
 []


Underfull \hbox (badness 10000) in alignment at lines 2487--2491
[] [] [] [] [] [] [] [] [] []
 []


Underfull \hbox (badness 10000) in alignment at lines 2491--2525
[] [] [] [] [] [] [] [] [] []
 []

[43

]
Overfull \hbox (194.73103pt too wide) in alignment at lines 2547--2551
[] [] [] [] [] [] [] [] [] []
 []


Overfull \hbox (194.73103pt too wide) in alignment at lines 2551--2555
[] [] [] [] [] [] [] [] [] []
 []


Overfull \hbox (194.73103pt too wide) in alignment at lines 2555--2589
[] [] [] [] [] [] [] [] [] []
 []

[44

]
Overfull \hbox (194.73103pt too wide) in alignment at lines 2609--2613
[] [] [] [] [] [] [] [] [] []
 []


Overfull \hbox (194.73103pt too wide) in alignment at lines 2613--2617
[] [] [] [] [] [] [] [] [] []
 []


Overfull \hbox (194.73103pt too wide) in alignment at lines 2617--2651
[] [] [] [] [] [] [] [] [] []
 []

[45

]
Overfull \hbox (194.73103pt too wide) in alignment at lines 2671--2675
[] [] [] [] [] [] [] [] [] []
 []


Overfull \hbox (194.73103pt too wide) in alignment at lines 2675--2679
[] [] [] [] [] [] [] [] [] []
 []


Overfull \hbox (194.73103pt too wide) in alignment at lines 2679--2713
[] [] [] [] [] [] [] [] [] []
 []

[46

]
Overfull \hbox (194.73103pt too wide) in alignment at lines 2733--2737
[] [] [] [] [] [] [] [] [] []
 []


Overfull \hbox (194.73103pt too wide) in alignment at lines 2737--2741
[] [] [] [] [] [] [] [] [] []
 []


Overfull \hbox (194.73103pt too wide) in alignment at lines 2741--2775
[] [] [] [] [] [] [] [] [] []
 []

[47

]
Overfull \hbox (194.73103pt too wide) in alignment at lines 2795--2799
[] [] [] [] [] [] [] [] [] []
 []


Overfull \hbox (194.73103pt too wide) in alignment at lines 2799--2803
[] [] [] [] [] [] [] [] [] []
 []


Overfull \hbox (194.73103pt too wide) in alignment at lines 2803--2837
[] [] [] [] [] [] [] [] [] []
 []

[48

]
Overfull \hbox (194.73103pt too wide) in alignment at lines 2857--2861
[] [] [] [] [] [] [] [] [] []
 []


Overfull \hbox (194.73103pt too wide) in alignment at lines 2861--2865
[] [] [] [] [] [] [] [] [] []
 []


Overfull \hbox (194.73103pt too wide) in alignment at lines 2865--2899
[] [] [] [] [] [] [] [] [] []
 []

[49

]
Overfull \hbox (194.73103pt too wide) in alignment at lines 2919--2923
[] [] [] [] [] [] [] [] [] []
 []


Overfull \hbox (194.73103pt too wide) in alignment at lines 2923--2927
[] [] [] [] [] [] [] [] [] []
 []


Overfull \hbox (194.73103pt too wide) in alignment at lines 2927--2961
[] [] [] [] [] [] [] [] [] []
 []

[50

]
Overfull \hbox (194.73103pt too wide) in alignment at lines 2983--2987
[] [] [] [] [] [] [] [] [] []
 []


Overfull \hbox (194.73103pt too wide) in alignment at lines 2987--2991
[] [] [] [] [] [] [] [] [] []
 []


Overfull \hbox (194.73103pt too wide) in alignment at lines 2991--3025
[] [] [] [] [] [] [] [] [] []
 []

[51

]
Overfull \hbox (194.73103pt too wide) in alignment at lines 3045--3049
[] [] [] [] [] [] [] [] [] []
 []


Overfull \hbox (194.73103pt too wide) in alignment at lines 3049--3053
[] [] [] [] [] [] [] [] [] []
 []


Overfull \hbox (194.73103pt too wide) in alignment at lines 3053--3087
[] [] [] [] [] [] [] [] [] []
 []

[52

]
Overfull \hbox (194.73103pt too wide) in alignment at lines 3107--3111
[] [] [] [] [] [] [] [] [] []
 []


Overfull \hbox (194.73103pt too wide) in alignment at lines 3111--3115
[] [] [] [] [] [] [] [] [] []
 []


Overfull \hbox (194.73103pt too wide) in alignment at lines 3115--3149
[] [] [] [] [] [] [] [] [] []
 []

[53

]
Overfull \hbox (194.73103pt too wide) in alignment at lines 3169--3173
[] [] [] [] [] [] [] [] [] []
 []


Overfull \hbox (194.73103pt too wide) in alignment at lines 3173--3177
[] [] [] [] [] [] [] [] [] []
 []


Overfull \hbox (194.73103pt too wide) in alignment at lines 3177--3211
[] [] [] [] [] [] [] [] [] []
 []

[54

]
Overfull \hbox (194.73103pt too wide) in alignment at lines 3231--3235
[] [] [] [] [] [] [] [] [] []
 []


Overfull \hbox (194.73103pt too wide) in alignment at lines 3235--3239
[] [] [] [] [] [] [] [] [] []
 []


Overfull \hbox (194.73103pt too wide) in alignment at lines 3239--3273
[] [] [] [] [] [] [] [] [] []
 []

[55

]
Overfull \hbox (194.73103pt too wide) in alignment at lines 3293--3297
[] [] [] [] [] [] [] [] [] []
 []


Overfull \hbox (194.73103pt too wide) in alignment at lines 3297--3301
[] [] [] [] [] [] [] [] [] []
 []


Overfull \hbox (194.73103pt too wide) in alignment at lines 3301--3335
[] [] [] [] [] [] [] [] [] []
 []

[56

]
Overfull \hbox (194.73103pt too wide) in alignment at lines 3355--3359
[] [] [] [] [] [] [] [] [] []
 []


Overfull \hbox (194.73103pt too wide) in alignment at lines 3359--3363
[] [] [] [] [] [] [] [] [] []
 []


Overfull \hbox (194.73103pt too wide) in alignment at lines 3363--3397
[] [] [] [] [] [] [] [] [] []
 []

[57

]
Overfull \hbox (194.73103pt too wide) in alignment at lines 3419--3423
[] [] [] [] [] [] [] [] [] []
 []


Overfull \hbox (194.73103pt too wide) in alignment at lines 3423--3427
[] [] [] [] [] [] [] [] [] []
 []


Overfull \hbox (194.73103pt too wide) in alignment at lines 3427--3461
[] [] [] [] [] [] [] [] [] []
 []

[58

]
Overfull \hbox (194.73103pt too wide) in alignment at lines 3481--3485
[] [] [] [] [] [] [] [] [] []
 []


Overfull \hbox (194.73103pt too wide) in alignment at lines 3485--3489
[] [] [] [] [] [] [] [] [] []
 []


Overfull \hbox (194.73103pt too wide) in alignment at lines 3489--3523
[] [] [] [] [] [] [] [] [] []
 []

[59

]
Overfull \hbox (194.73103pt too wide) in alignment at lines 3543--3547
[] [] [] [] [] [] [] [] [] []
 []


Overfull \hbox (194.73103pt too wide) in alignment at lines 3547--3551
[] [] [] [] [] [] [] [] [] []
 []


Overfull \hbox (194.73103pt too wide) in alignment at lines 3551--3585
[] [] [] [] [] [] [] [] [] []
 []

[60

]
Overfull \hbox (194.73103pt too wide) in alignment at lines 3605--3609
[] [] [] [] [] [] [] [] [] []
 []


Overfull \hbox (194.73103pt too wide) in alignment at lines 3609--3613
[] [] [] [] [] [] [] [] [] []
 []


Overfull \hbox (194.73103pt too wide) in alignment at lines 3613--3647
[] [] [] [] [] [] [] [] [] []
 []

[61

]
Overfull \hbox (194.73103pt too wide) in alignment at lines 3667--3671
[] [] [] [] [] [] [] [] [] []
 []


Overfull \hbox (194.73103pt too wide) in alignment at lines 3671--3675
[] [] [] [] [] [] [] [] [] []
 []


Overfull \hbox (194.73103pt too wide) in alignment at lines 3675--3709
[] [] [] [] [] [] [] [] [] []
 []

[62

]
Overfull \hbox (194.73103pt too wide) in alignment at lines 3729--3733
[] [] [] [] [] [] [] [] [] []
 []


Overfull \hbox (194.73103pt too wide) in alignment at lines 3733--3737
[] [] [] [] [] [] [] [] [] []
 []


Overfull \hbox (194.73103pt too wide) in alignment at lines 3737--3771
[] [] [] [] [] [] [] [] [] []
 []

[63

]
Overfull \hbox (194.73103pt too wide) in alignment at lines 3791--3795
[] [] [] [] [] [] [] [] [] []
 []


Overfull \hbox (194.73103pt too wide) in alignment at lines 3795--3799
[] [] [] [] [] [] [] [] [] []
 []


Overfull \hbox (194.73103pt too wide) in alignment at lines 3799--3833
[] [] [] [] [] [] [] [] [] []
 []

[64

]
Overfull \hbox (194.73103pt too wide) in alignment at lines 3853--3857
[] [] [] [] [] [] [] [] [] []
 []


Overfull \hbox (194.73103pt too wide) in alignment at lines 3857--3861
[] [] [] [] [] [] [] [] [] []
 []


Overfull \hbox (194.73103pt too wide) in alignment at lines 3861--3895
[] [] [] [] [] [] [] [] [] []
 []

[65

]
Overfull \hbox (194.73103pt too wide) in alignment at lines 3915--3919
[] [] [] [] [] [] [] [] [] []
 []


Overfull \hbox (194.73103pt too wide) in alignment at lines 3919--3923
[] [] [] [] [] [] [] [] [] []
 []


Overfull \hbox (194.73103pt too wide) in alignment at lines 3923--3957
[] [] [] [] [] [] [] [] [] []
 []

[66

]
Overfull \hbox (194.73103pt too wide) in alignment at lines 3979--3983
[] [] [] [] [] [] [] [] [] []
 []


Overfull \hbox (194.73103pt too wide) in alignment at lines 3983--3987
[] [] [] [] [] [] [] [] [] []
 []


Overfull \hbox (194.73103pt too wide) in alignment at lines 3987--4021
[] [] [] [] [] [] [] [] [] []
 []

[67

]
Overfull \hbox (194.73103pt too wide) in alignment at lines 4041--4045
[] [] [] [] [] [] [] [] [] []
 []


Overfull \hbox (194.73103pt too wide) in alignment at lines 4045--4049
[] [] [] [] [] [] [] [] [] []
 []


Overfull \hbox (194.73103pt too wide) in alignment at lines 4049--4083
[] [] [] [] [] [] [] [] [] []
 []

[68

]
Overfull \hbox (194.73103pt too wide) in alignment at lines 4103--4107
[] [] [] [] [] [] [] [] [] []
 []


Overfull \hbox (194.73103pt too wide) in alignment at lines 4107--4111
[] [] [] [] [] [] [] [] [] []
 []


Overfull \hbox (194.73103pt too wide) in alignment at lines 4111--4145
[] [] [] [] [] [] [] [] [] []
 []

[69

]
Overfull \hbox (194.73103pt too wide) in alignment at lines 4165--4169
[] [] [] [] [] [] [] [] [] []
 []


Overfull \hbox (194.73103pt too wide) in alignment at lines 4169--4173
[] [] [] [] [] [] [] [] [] []
 []


Overfull \hbox (194.73103pt too wide) in alignment at lines 4173--4207
[] [] [] [] [] [] [] [] [] []
 []

[70

]
Overfull \hbox (194.73103pt too wide) in alignment at lines 4227--4231
[] [] [] [] [] [] [] [] [] []
 []


Overfull \hbox (194.73103pt too wide) in alignment at lines 4231--4235
[] [] [] [] [] [] [] [] [] []
 []


Overfull \hbox (194.73103pt too wide) in alignment at lines 4235--4269
[] [] [] [] [] [] [] [] [] []
 []

[71

]
Overfull \hbox (194.73103pt too wide) in alignment at lines 4291--4295
[] [] [] [] [] [] [] [] [] []
 []


Overfull \hbox (194.73103pt too wide) in alignment at lines 4295--4299
[] [] [] [] [] [] [] [] [] []
 []


Overfull \hbox (194.73103pt too wide) in alignment at lines 4299--4333
[] [] [] [] [] [] [] [] [] []
 []

[72

]
Overfull \hbox (194.73103pt too wide) in alignment at lines 4353--4357
[] [] [] [] [] [] [] [] [] []
 []


Overfull \hbox (194.73103pt too wide) in alignment at lines 4357--4361
[] [] [] [] [] [] [] [] [] []
 []


Overfull \hbox (194.73103pt too wide) in alignment at lines 4361--4395
[] [] [] [] [] [] [] [] [] []
 []

[73

]
Overfull \hbox (194.73103pt too wide) in alignment at lines 4415--4419
[] [] [] [] [] [] [] [] [] []
 []


Overfull \hbox (194.73103pt too wide) in alignment at lines 4419--4423
[] [] [] [] [] [] [] [] [] []
 []


Overfull \hbox (194.73103pt too wide) in alignment at lines 4423--4457
[] [] [] [] [] [] [] [] [] []
 []

[74

]
Overfull \hbox (194.73103pt too wide) in alignment at lines 4477--4481
[] [] [] [] [] [] [] [] [] []
 []


Overfull \hbox (194.73103pt too wide) in alignment at lines 4481--4485
[] [] [] [] [] [] [] [] [] []
 []


Overfull \hbox (194.73103pt too wide) in alignment at lines 4485--4519
[] [] [] [] [] [] [] [] [] []
 []

[75

]
Overfull \hbox (194.73103pt too wide) in alignment at lines 4539--4543
[] [] [] [] [] [] [] [] [] []
 []


Overfull \hbox (194.73103pt too wide) in alignment at lines 4543--4547
[] [] [] [] [] [] [] [] [] []
 []


Overfull \hbox (194.73103pt too wide) in alignment at lines 4547--4581
[] [] [] [] [] [] [] [] [] []
 []

[76

]
Underfull \hbox (badness 10000) in alignment at lines 4597--4601
[] [] [] [] [] [] [] [] [] []
 []


Underfull \hbox (badness 10000) in alignment at lines 4601--4605
[] [] [] [] [] [] [] [] [] []
 []


Underfull \hbox (badness 10000) in alignment at lines 4605--4639
[] [] [] [] [] [] [] [] [] []
 []

[77

]
Overfull \hbox (194.73103pt too wide) in alignment at lines 4661--4665
[] [] [] [] [] [] [] [] [] []
 []


Overfull \hbox (194.73103pt too wide) in alignment at lines 4665--4669
[] [] [] [] [] [] [] [] [] []
 []


Overfull \hbox (194.73103pt too wide) in alignment at lines 4669--4703
[] [] [] [] [] [] [] [] [] []
 []

[78

]
Overfull \hbox (194.73103pt too wide) in alignment at lines 4723--4727
[] [] [] [] [] [] [] [] [] []
 []


Overfull \hbox (194.73103pt too wide) in alignment at lines 4727--4731
[] [] [] [] [] [] [] [] [] []
 []


Overfull \hbox (194.73103pt too wide) in alignment at lines 4731--4765
[] [] [] [] [] [] [] [] [] []
 []

[79

]
Overfull \hbox (194.73103pt too wide) in alignment at lines 4785--4789
[] [] [] [] [] [] [] [] [] []
 []


Overfull \hbox (194.73103pt too wide) in alignment at lines 4789--4793
[] [] [] [] [] [] [] [] [] []
 []


Overfull \hbox (194.73103pt too wide) in alignment at lines 4793--4827
[] [] [] [] [] [] [] [] [] []
 []

[80

]
Overfull \hbox (194.73103pt too wide) in alignment at lines 4847--4851
[] [] [] [] [] [] [] [] [] []
 []


Overfull \hbox (194.73103pt too wide) in alignment at lines 4851--4855
[] [] [] [] [] [] [] [] [] []
 []


Overfull \hbox (194.73103pt too wide) in alignment at lines 4855--4889
[] [] [] [] [] [] [] [] [] []
 []

[81

]
Underfull \hbox (badness 10000) in alignment at lines 4907--4911
[] [] [] [] [] [] [] [] [] []
 []


Underfull \hbox (badness 10000) in alignment at lines 4911--4915
[] [] [] [] [] [] [] [] [] []
 []


Underfull \hbox (badness 10000) in alignment at lines 4915--4949
[] [] [] [] [] [] [] [] [] []
 []

[82

]
Overfull \hbox (194.73103pt too wide) in alignment at lines 4971--4975
[] [] [] [] [] [] [] [] [] []
 []


Overfull \hbox (194.73103pt too wide) in alignment at lines 4975--4979
[] [] [] [] [] [] [] [] [] []
 []


Overfull \hbox (194.73103pt too wide) in alignment at lines 4979--5013
[] [] [] [] [] [] [] [] [] []
 []

[83

]
Overfull \hbox (194.73103pt too wide) in alignment at lines 5033--5037
[] [] [] [] [] [] [] [] [] []
 []


Overfull \hbox (194.73103pt too wide) in alignment at lines 5037--5041
[] [] [] [] [] [] [] [] [] []
 []


Overfull \hbox (194.73103pt too wide) in alignment at lines 5041--5075
[] [] [] [] [] [] [] [] [] []
 []

[84

]
Overfull \hbox (194.73103pt too wide) in alignment at lines 5095--5099
[] [] [] [] [] [] [] [] [] []
 []


Overfull \hbox (194.73103pt too wide) in alignment at lines 5099--5103
[] [] [] [] [] [] [] [] [] []
 []


Overfull \hbox (194.73103pt too wide) in alignment at lines 5103--5137
[] [] [] [] [] [] [] [] [] []
 []

[85

]
Overfull \hbox (194.73103pt too wide) in alignment at lines 5157--5161
[] [] [] [] [] [] [] [] [] []
 []


Overfull \hbox (194.73103pt too wide) in alignment at lines 5161--5165
[] [] [] [] [] [] [] [] [] []
 []


Overfull \hbox (194.73103pt too wide) in alignment at lines 5165--5199
[] [] [] [] [] [] [] [] [] []
 []

[86

]
Overfull \hbox (194.73103pt too wide) in alignment at lines 5219--5223
[] [] [] [] [] [] [] [] [] []
 []


Overfull \hbox (194.73103pt too wide) in alignment at lines 5223--5227
[] [] [] [] [] [] [] [] [] []
 []


Overfull \hbox (194.73103pt too wide) in alignment at lines 5227--5261
[] [] [] [] [] [] [] [] [] []
 []

[87

]
Overfull \hbox (194.73103pt too wide) in alignment at lines 5281--5285
[] [] [] [] [] [] [] [] [] []
 []


Overfull \hbox (194.73103pt too wide) in alignment at lines 5285--5289
[] [] [] [] [] [] [] [] [] []
 []


Overfull \hbox (194.73103pt too wide) in alignment at lines 5289--5323
[] [] [] [] [] [] [] [] [] []
 []

[88

]
Overfull \hbox (194.73103pt too wide) in alignment at lines 5345--5349
[] [] [] [] [] [] [] [] [] []
 []


Overfull \hbox (194.73103pt too wide) in alignment at lines 5349--5353
[] [] [] [] [] [] [] [] [] []
 []


Overfull \hbox (194.73103pt too wide) in alignment at lines 5353--5387
[] [] [] [] [] [] [] [] [] []
 []

[89

]
Overfull \hbox (194.73103pt too wide) in alignment at lines 5407--5411
[] [] [] [] [] [] [] [] [] []
 []


Overfull \hbox (194.73103pt too wide) in alignment at lines 5411--5415
[] [] [] [] [] [] [] [] [] []
 []


Overfull \hbox (194.73103pt too wide) in alignment at lines 5415--5449
[] [] [] [] [] [] [] [] [] []
 []

[90

]
Overfull \hbox (194.73103pt too wide) in alignment at lines 5469--5473
[] [] [] [] [] [] [] [] [] []
 []


Overfull \hbox (194.73103pt too wide) in alignment at lines 5473--5477
[] [] [] [] [] [] [] [] [] []
 []


Overfull \hbox (194.73103pt too wide) in alignment at lines 5477--5511
[] [] [] [] [] [] [] [] [] []
 []

[91

]
Overfull \hbox (194.73103pt too wide) in alignment at lines 5531--5535
[] [] [] [] [] [] [] [] [] []
 []


Overfull \hbox (194.73103pt too wide) in alignment at lines 5535--5539
[] [] [] [] [] [] [] [] [] []
 []


Overfull \hbox (194.73103pt too wide) in alignment at lines 5539--5573
[] [] [] [] [] [] [] [] [] []
 []

[92

]
Overfull \hbox (194.73103pt too wide) in alignment at lines 5593--5597
[] [] [] [] [] [] [] [] [] []
 []


Overfull \hbox (194.73103pt too wide) in alignment at lines 5597--5601
[] [] [] [] [] [] [] [] [] []
 []


Overfull \hbox (194.73103pt too wide) in alignment at lines 5601--5635
[] [] [] [] [] [] [] [] [] []
 []

[93

]
Overfull \hbox (194.73103pt too wide) in alignment at lines 5655--5659
[] [] [] [] [] [] [] [] [] []
 []


Overfull \hbox (194.73103pt too wide) in alignment at lines 5659--5663
[] [] [] [] [] [] [] [] [] []
 []


Overfull \hbox (194.73103pt too wide) in alignment at lines 5663--5697
[] [] [] [] [] [] [] [] [] []
 []

[94

]
Underfull \hbox (badness 10000) in alignment at lines 5713--5717
[] [] [] [] [] [] [] [] [] []
 []


Underfull \hbox (badness 10000) in alignment at lines 5717--5721
[] [] [] [] [] [] [] [] [] []
 []


Underfull \hbox (badness 10000) in alignment at lines 5721--5755
[] [] [] [] [] [] [] [] [] []
 []

[95

]
Overfull \hbox (194.73103pt too wide) in alignment at lines 5777--5781
[] [] [] [] [] [] [] [] [] []
 []


Overfull \hbox (194.73103pt too wide) in alignment at lines 5781--5785
[] [] [] [] [] [] [] [] [] []
 []


Overfull \hbox (194.73103pt too wide) in alignment at lines 5785--5819
[] [] [] [] [] [] [] [] [] []
 []

[96

]
Overfull \hbox (194.73103pt too wide) in alignment at lines 5839--5843
[] [] [] [] [] [] [] [] [] []
 []


Overfull \hbox (194.73103pt too wide) in alignment at lines 5843--5847
[] [] [] [] [] [] [] [] [] []
 []


Overfull \hbox (194.73103pt too wide) in alignment at lines 5847--5881
[] [] [] [] [] [] [] [] [] []
 []

[97

]
Overfull \hbox (194.73103pt too wide) in alignment at lines 5901--5905
[] [] [] [] [] [] [] [] [] []
 []


Overfull \hbox (194.73103pt too wide) in alignment at lines 5905--5909
[] [] [] [] [] [] [] [] [] []
 []


Overfull \hbox (194.73103pt too wide) in alignment at lines 5909--5943
[] [] [] [] [] [] [] [] [] []
 []

[98

]
Underfull \hbox (badness 10000) in alignment at lines 5959--5963
[] [] [] [] [] [] [] [] [] []
 []


Underfull \hbox (badness 10000) in alignment at lines 5963--5967
[] [] [] [] [] [] [] [] [] []
 []


Underfull \hbox (badness 10000) in alignment at lines 5967--6001
[] [] [] [] [] [] [] [] [] []
 []

[99

]
Overfull \hbox (194.73103pt too wide) in alignment at lines 6023--6027
[] [] [] [] [] [] [] [] [] []
 []


Overfull \hbox (194.73103pt too wide) in alignment at lines 6027--6031
[] [] [] [] [] [] [] [] [] []
 []


Overfull \hbox (194.73103pt too wide) in alignment at lines 6031--6065
[] [] [] [] [] [] [] [] [] []
 []

[100

]
Overfull \hbox (194.73103pt too wide) in alignment at lines 6085--6089
[] [] [] [] [] [] [] [] [] []
 []


Overfull \hbox (194.73103pt too wide) in alignment at lines 6089--6093
[] [] [] [] [] [] [] [] [] []
 []


Overfull \hbox (194.73103pt too wide) in alignment at lines 6093--6127
[] [] [] [] [] [] [] [] [] []
 []

[101

]
Overfull \hbox (194.73103pt too wide) in alignment at lines 6147--6151
[] [] [] [] [] [] [] [] [] []
 []


Overfull \hbox (194.73103pt too wide) in alignment at lines 6151--6155
[] [] [] [] [] [] [] [] [] []
 []


Overfull \hbox (194.73103pt too wide) in alignment at lines 6155--6189
[] [] [] [] [] [] [] [] [] []
 []

[102

]
Overfull \hbox (194.73103pt too wide) in alignment at lines 6209--6213
[] [] [] [] [] [] [] [] [] []
 []


Overfull \hbox (194.73103pt too wide) in alignment at lines 6213--6217
[] [] [] [] [] [] [] [] [] []
 []


Overfull \hbox (194.73103pt too wide) in alignment at lines 6217--6251
[] [] [] [] [] [] [] [] [] []
 []

[103

]
Overfull \hbox (194.73103pt too wide) in alignment at lines 6273--6277
[] [] [] [] [] [] [] [] [] []
 []


Overfull \hbox (194.73103pt too wide) in alignment at lines 6277--6281
[] [] [] [] [] [] [] [] [] []
 []


Overfull \hbox (194.73103pt too wide) in alignment at lines 6281--6315
[] [] [] [] [] [] [] [] [] []
 []

[104

]
Overfull \hbox (194.73103pt too wide) in alignment at lines 6335--6339
[] [] [] [] [] [] [] [] [] []
 []


Overfull \hbox (194.73103pt too wide) in alignment at lines 6339--6343
[] [] [] [] [] [] [] [] [] []
 []


Overfull \hbox (194.73103pt too wide) in alignment at lines 6343--6377
[] [] [] [] [] [] [] [] [] []
 []

[105

]
Overfull \hbox (194.73103pt too wide) in alignment at lines 6397--6401
[] [] [] [] [] [] [] [] [] []
 []


Overfull \hbox (194.73103pt too wide) in alignment at lines 6401--6405
[] [] [] [] [] [] [] [] [] []
 []


Overfull \hbox (194.73103pt too wide) in alignment at lines 6405--6439
[] [] [] [] [] [] [] [] [] []
 []

[106

]
Overfull \hbox (194.73103pt too wide) in alignment at lines 6461--6465
[] [] [] [] [] [] [] [] [] []
 []


Overfull \hbox (194.73103pt too wide) in alignment at lines 6465--6469
[] [] [] [] [] [] [] [] [] []
 []


Overfull \hbox (194.73103pt too wide) in alignment at lines 6469--6503
[] [] [] [] [] [] [] [] [] []
 []

[107

]
Overfull \hbox (194.73103pt too wide) in alignment at lines 6523--6527
[] [] [] [] [] [] [] [] [] []
 []


Overfull \hbox (194.73103pt too wide) in alignment at lines 6527--6531
[] [] [] [] [] [] [] [] [] []
 []


Overfull \hbox (194.73103pt too wide) in alignment at lines 6531--6565
[] [] [] [] [] [] [] [] [] []
 []

[108

]
Overfull \hbox (194.73103pt too wide) in alignment at lines 6585--6589
[] [] [] [] [] [] [] [] [] []
 []


Overfull \hbox (194.73103pt too wide) in alignment at lines 6589--6593
[] [] [] [] [] [] [] [] [] []
 []


Overfull \hbox (194.73103pt too wide) in alignment at lines 6593--6627
[] [] [] [] [] [] [] [] [] []
 []

[109

]
Overfull \hbox (194.73103pt too wide) in alignment at lines 6647--6651
[] [] [] [] [] [] [] [] [] []
 []


Overfull \hbox (194.73103pt too wide) in alignment at lines 6651--6655
[] [] [] [] [] [] [] [] [] []
 []


Overfull \hbox (194.73103pt too wide) in alignment at lines 6655--6689
[] [] [] [] [] [] [] [] [] []
 []

[110

]
Overfull \hbox (194.73103pt too wide) in alignment at lines 6709--6713
[] [] [] [] [] [] [] [] [] []
 []


Overfull \hbox (194.73103pt too wide) in alignment at lines 6713--6717
[] [] [] [] [] [] [] [] [] []
 []


Overfull \hbox (194.73103pt too wide) in alignment at lines 6717--6751
[] [] [] [] [] [] [] [] [] []
 []

[111

]
Underfull \hbox (badness 10000) in alignment at lines 6767--6771
[] [] [] [] [] [] [] [] [] []
 []


Underfull \hbox (badness 10000) in alignment at lines 6771--6775
[] [] [] [] [] [] [] [] [] []
 []


Underfull \hbox (badness 10000) in alignment at lines 6775--6809
[] [] [] [] [] [] [] [] [] []
 []

[112

]
Overfull \hbox (194.73103pt too wide) in alignment at lines 6831--6835
[] [] [] [] [] [] [] [] [] []
 []


Overfull \hbox (194.73103pt too wide) in alignment at lines 6835--6839
[] [] [] [] [] [] [] [] [] []
 []


Overfull \hbox (194.73103pt too wide) in alignment at lines 6839--6873
[] [] [] [] [] [] [] [] [] []
 []

[113

]
Overfull \hbox (194.73103pt too wide) in alignment at lines 6893--6897
[] [] [] [] [] [] [] [] [] []
 []


Overfull \hbox (194.73103pt too wide) in alignment at lines 6897--6901
[] [] [] [] [] [] [] [] [] []
 []


Overfull \hbox (194.73103pt too wide) in alignment at lines 6901--6935
[] [] [] [] [] [] [] [] [] []
 []

[114

]
Overfull \hbox (194.73103pt too wide) in alignment at lines 6955--6959
[] [] [] [] [] [] [] [] [] []
 []


Overfull \hbox (194.73103pt too wide) in alignment at lines 6959--6963
[] [] [] [] [] [] [] [] [] []
 []


Overfull \hbox (194.73103pt too wide) in alignment at lines 6963--6997
[] [] [] [] [] [] [] [] [] []
 []

[115

]
Overfull \hbox (194.73103pt too wide) in alignment at lines 7019--7023
[] [] [] [] [] [] [] [] [] []
 []


Overfull \hbox (194.73103pt too wide) in alignment at lines 7023--7027
[] [] [] [] [] [] [] [] [] []
 []


Overfull \hbox (194.73103pt too wide) in alignment at lines 7027--7061
[] [] [] [] [] [] [] [] [] []
 []

[116

]
Overfull \hbox (194.73103pt too wide) in alignment at lines 7081--7085
[] [] [] [] [] [] [] [] [] []
 []


Overfull \hbox (194.73103pt too wide) in alignment at lines 7085--7089
[] [] [] [] [] [] [] [] [] []
 []


Overfull \hbox (194.73103pt too wide) in alignment at lines 7089--7123
[] [] [] [] [] [] [] [] [] []
 []

[117

]
Overfull \hbox (194.73103pt too wide) in alignment at lines 7143--7147
[] [] [] [] [] [] [] [] [] []
 []


Overfull \hbox (194.73103pt too wide) in alignment at lines 7147--7151
[] [] [] [] [] [] [] [] [] []
 []


Overfull \hbox (194.73103pt too wide) in alignment at lines 7151--7185
[] [] [] [] [] [] [] [] [] []
 []

[118

]
Underfull \hbox (badness 10000) in alignment at lines 7201--7205
[] [] [] [] [] [] [] [] [] []
 []


Underfull \hbox (badness 10000) in alignment at lines 7205--7209
[] [] [] [] [] [] [] [] [] []
 []


Underfull \hbox (badness 10000) in alignment at lines 7209--7243
[] [] [] [] [] [] [] [] [] []
 []

[119

]
Overfull \hbox (194.73103pt too wide) in alignment at lines 7265--7269
[] [] [] [] [] [] [] [] [] []
 []


Overfull \hbox (194.73103pt too wide) in alignment at lines 7269--7273
[] [] [] [] [] [] [] [] [] []
 []


Overfull \hbox (194.73103pt too wide) in alignment at lines 7273--7307
[] [] [] [] [] [] [] [] [] []
 []

[120

]
Overfull \hbox (194.73103pt too wide) in alignment at lines 7327--7331
[] [] [] [] [] [] [] [] [] []
 []


Overfull \hbox (194.73103pt too wide) in alignment at lines 7331--7335
[] [] [] [] [] [] [] [] [] []
 []


Overfull \hbox (194.73103pt too wide) in alignment at lines 7335--7369
[] [] [] [] [] [] [] [] [] []
 []

[121

]
Overfull \hbox (194.73103pt too wide) in alignment at lines 7389--7393
[] [] [] [] [] [] [] [] [] []
 []


Overfull \hbox (194.73103pt too wide) in alignment at lines 7393--7397
[] [] [] [] [] [] [] [] [] []
 []


Overfull \hbox (194.73103pt too wide) in alignment at lines 7397--7431
[] [] [] [] [] [] [] [] [] []
 []

[122

]
Overfull \hbox (194.73103pt too wide) in alignment at lines 7453--7457
[] [] [] [] [] [] [] [] [] []
 []


Overfull \hbox (194.73103pt too wide) in alignment at lines 7457--7461
[] [] [] [] [] [] [] [] [] []
 []


Overfull \hbox (194.73103pt too wide) in alignment at lines 7461--7495
[] [] [] [] [] [] [] [] [] []
 []

[123

]
Overfull \hbox (194.73103pt too wide) in alignment at lines 7515--7519
[] [] [] [] [] [] [] [] [] []
 []


Overfull \hbox (194.73103pt too wide) in alignment at lines 7519--7523
[] [] [] [] [] [] [] [] [] []
 []


Overfull \hbox (194.73103pt too wide) in alignment at lines 7523--7557
[] [] [] [] [] [] [] [] [] []
 []

[124

]
Overfull \hbox (194.73103pt too wide) in alignment at lines 7577--7581
[] [] [] [] [] [] [] [] [] []
 []


Overfull \hbox (194.73103pt too wide) in alignment at lines 7581--7585
[] [] [] [] [] [] [] [] [] []
 []


Overfull \hbox (194.73103pt too wide) in alignment at lines 7585--7619
[] [] [] [] [] [] [] [] [] []
 []

[125

]
Overfull \hbox (194.73103pt too wide) in alignment at lines 7639--7643
[] [] [] [] [] [] [] [] [] []
 []


Overfull \hbox (194.73103pt too wide) in alignment at lines 7643--7647
[] [] [] [] [] [] [] [] [] []
 []


Overfull \hbox (194.73103pt too wide) in alignment at lines 7647--7681
[] [] [] [] [] [] [] [] [] []
 []

[126

]
Overfull \hbox (194.73103pt too wide) in alignment at lines 7701--7705
[] [] [] [] [] [] [] [] [] []
 []


Overfull \hbox (194.73103pt too wide) in alignment at lines 7705--7709
[] [] [] [] [] [] [] [] [] []
 []


Overfull \hbox (194.73103pt too wide) in alignment at lines 7709--7743
[] [] [] [] [] [] [] [] [] []
 []

[127

]
Underfull \hbox (badness 10000) in alignment at lines 7759--7763
[] [] [] [] [] [] [] [] [] []
 []


Underfull \hbox (badness 10000) in alignment at lines 7763--7767
[] [] [] [] [] [] [] [] [] []
 []


Underfull \hbox (badness 10000) in alignment at lines 7767--7801
[] [] [] [] [] [] [] [] [] []
 []

[128

]
Overfull \hbox (194.73103pt too wide) in alignment at lines 7824--7828
[] [] [] [] [] [] [] [] [] []
 []


Overfull \hbox (194.73103pt too wide) in alignment at lines 7828--7832
[] [] [] [] [] [] [] [] [] []
 []


Overfull \hbox (194.73103pt too wide) in alignment at lines 7832--7866
[] [] [] [] [] [] [] [] [] []
 []

[129

]
Overfull \hbox (194.73103pt too wide) in alignment at lines 7887--7891
[] [] [] [] [] [] [] [] [] []
 []


Overfull \hbox (194.73103pt too wide) in alignment at lines 7891--7895
[] [] [] [] [] [] [] [] [] []
 []


Overfull \hbox (194.73103pt too wide) in alignment at lines 7895--7929
[] [] [] [] [] [] [] [] [] []
 []

[130

]
Overfull \hbox (194.73103pt too wide) in alignment at lines 7950--7954
[] [] [] [] [] [] [] [] [] []
 []


Overfull \hbox (194.73103pt too wide) in alignment at lines 7954--7958
[] [] [] [] [] [] [] [] [] []
 []


Overfull \hbox (194.73103pt too wide) in alignment at lines 7958--7992
[] [] [] [] [] [] [] [] [] []
 []

[131

]
Overfull \hbox (194.73103pt too wide) in alignment at lines 8014--8018
[] [] [] [] [] [] [] [] [] []
 []


Overfull \hbox (194.73103pt too wide) in alignment at lines 8018--8022
[] [] [] [] [] [] [] [] [] []
 []


Overfull \hbox (194.73103pt too wide) in alignment at lines 8022--8056
[] [] [] [] [] [] [] [] [] []
 []

[132

]
Overfull \hbox (194.73103pt too wide) in alignment at lines 8076--8080
[] [] [] [] [] [] [] [] [] []
 []


Overfull \hbox (194.73103pt too wide) in alignment at lines 8080--8084
[] [] [] [] [] [] [] [] [] []
 []


Overfull \hbox (194.73103pt too wide) in alignment at lines 8084--8118
[] [] [] [] [] [] [] [] [] []
 []

[133

]
Overfull \hbox (194.73103pt too wide) in alignment at lines 8140--8144
[] [] [] [] [] [] [] [] [] []
 []


Overfull \hbox (194.73103pt too wide) in alignment at lines 8144--8148
[] [] [] [] [] [] [] [] [] []
 []


Overfull \hbox (194.73103pt too wide) in alignment at lines 8148--8182
[] [] [] [] [] [] [] [] [] []
 []

[134

]
Overfull \hbox (194.73103pt too wide) in alignment at lines 8202--8206
[] [] [] [] [] [] [] [] [] []
 []


Overfull \hbox (194.73103pt too wide) in alignment at lines 8206--8210
[] [] [] [] [] [] [] [] [] []
 []


Overfull \hbox (194.73103pt too wide) in alignment at lines 8210--8244
[] [] [] [] [] [] [] [] [] []
 []

[135

]
Overfull \hbox (194.73103pt too wide) in alignment at lines 8266--8270
[] [] [] [] [] [] [] [] [] []
 []


Overfull \hbox (194.73103pt too wide) in alignment at lines 8270--8274
[] [] [] [] [] [] [] [] [] []
 []


Overfull \hbox (194.73103pt too wide) in alignment at lines 8274--8308
[] [] [] [] [] [] [] [] [] []
 []

[136

]
Underfull \hbox (badness 10000) in alignment at lines 8324--8328
[] [] [] [] [] [] [] [] [] []
 []


Underfull \hbox (badness 10000) in alignment at lines 8328--8332
[] [] [] [] [] [] [] [] [] []
 []


Underfull \hbox (badness 10000) in alignment at lines 8332--8366
[] [] [] [] [] [] [] [] [] []
 []

[137

]
Overfull \hbox (194.73103pt too wide) in alignment at lines 8388--8392
[] [] [] [] [] [] [] [] [] []
 []


Overfull \hbox (194.73103pt too wide) in alignment at lines 8392--8396
[] [] [] [] [] [] [] [] [] []
 []


Overfull \hbox (194.73103pt too wide) in alignment at lines 8396--8430
[] [] [] [] [] [] [] [] [] []
 []

[138

]
Underfull \hbox (badness 10000) in alignment at lines 8446--8450
[] [] [] [] [] [] [] [] [] []
 []


Underfull \hbox (badness 10000) in alignment at lines 8450--8454
[] [] [] [] [] [] [] [] [] []
 []


Underfull \hbox (badness 10000) in alignment at lines 8454--8488
[] [] [] [] [] [] [] [] [] []
 []

[139

]
Overfull \hbox (194.73103pt too wide) in alignment at lines 8510--8514
[] [] [] [] [] [] [] [] [] []
 []


Overfull \hbox (194.73103pt too wide) in alignment at lines 8514--8518
[] [] [] [] [] [] [] [] [] []
 []


Overfull \hbox (194.73103pt too wide) in alignment at lines 8518--8552
[] [] [] [] [] [] [] [] [] []
 []

[140

]
Overfull \hbox (194.73103pt too wide) in alignment at lines 8572--8576
[] [] [] [] [] [] [] [] [] []
 []


Overfull \hbox (194.73103pt too wide) in alignment at lines 8576--8580
[] [] [] [] [] [] [] [] [] []
 []


Overfull \hbox (194.73103pt too wide) in alignment at lines 8580--8614
[] [] [] [] [] [] [] [] [] []
 []

[141

]
Overfull \hbox (194.73103pt too wide) in alignment at lines 8634--8638
[] [] [] [] [] [] [] [] [] []
 []


Overfull \hbox (194.73103pt too wide) in alignment at lines 8638--8642
[] [] [] [] [] [] [] [] [] []
 []


Overfull \hbox (194.73103pt too wide) in alignment at lines 8642--8676
[] [] [] [] [] [] [] [] [] []
 []

[142

]
Overfull \hbox (194.73103pt too wide) in alignment at lines 8696--8700
[] [] [] [] [] [] [] [] [] []
 []


Overfull \hbox (194.73103pt too wide) in alignment at lines 8700--8704
[] [] [] [] [] [] [] [] [] []
 []


Overfull \hbox (194.73103pt too wide) in alignment at lines 8704--8738
[] [] [] [] [] [] [] [] [] []
 []

[143

]
Overfull \hbox (194.73103pt too wide) in alignment at lines 8758--8762
[] [] [] [] [] [] [] [] [] []
 []


Overfull \hbox (194.73103pt too wide) in alignment at lines 8762--8766
[] [] [] [] [] [] [] [] [] []
 []


Overfull \hbox (194.73103pt too wide) in alignment at lines 8766--8800
[] [] [] [] [] [] [] [] [] []
 []

[144

]
Underfull \hbox (badness 10000) in alignment at lines 8818--8822
[] [] [] [] [] [] [] [] [] []
 []


Underfull \hbox (badness 10000) in alignment at lines 8822--8826
[] [] [] [] [] [] [] [] [] []
 []


Underfull \hbox (badness 10000) in alignment at lines 8826--8860
[] [] [] [] [] [] [] [] [] []
 []

[145

]
Overfull \hbox (194.73103pt too wide) in alignment at lines 8882--8886
[] [] [] [] [] [] [] [] [] []
 []


Overfull \hbox (194.73103pt too wide) in alignment at lines 8886--8890
[] [] [] [] [] [] [] [] [] []
 []


Overfull \hbox (194.73103pt too wide) in alignment at lines 8890--8924
[] [] [] [] [] [] [] [] [] []
 []

[146

]
Overfull \hbox (194.73103pt too wide) in alignment at lines 8944--8948
[] [] [] [] [] [] [] [] [] []
 []


Overfull \hbox (194.73103pt too wide) in alignment at lines 8948--8952
[] [] [] [] [] [] [] [] [] []
 []


Overfull \hbox (194.73103pt too wide) in alignment at lines 8952--8986
[] [] [] [] [] [] [] [] [] []
 []

[147

]
Overfull \hbox (194.73103pt too wide) in alignment at lines 9006--9010
[] [] [] [] [] [] [] [] [] []
 []


Overfull \hbox (194.73103pt too wide) in alignment at lines 9010--9014
[] [] [] [] [] [] [] [] [] []
 []


Overfull \hbox (194.73103pt too wide) in alignment at lines 9014--9048
[] [] [] [] [] [] [] [] [] []
 []

[148

]
Overfull \hbox (194.73103pt too wide) in alignment at lines 9068--9072
[] [] [] [] [] [] [] [] [] []
 []


Overfull \hbox (194.73103pt too wide) in alignment at lines 9072--9076
[] [] [] [] [] [] [] [] [] []
 []


Overfull \hbox (194.73103pt too wide) in alignment at lines 9076--9110
[] [] [] [] [] [] [] [] [] []
 []

[149

]
Overfull \hbox (194.73103pt too wide) in alignment at lines 9130--9134
[] [] [] [] [] [] [] [] [] []
 []


Overfull \hbox (194.73103pt too wide) in alignment at lines 9134--9138
[] [] [] [] [] [] [] [] [] []
 []


Overfull \hbox (194.73103pt too wide) in alignment at lines 9138--9172
[] [] [] [] [] [] [] [] [] []
 []

[150

]
Underfull \hbox (badness 10000) in alignment at lines 9190--9194
[] [] [] [] [] [] [] [] [] []
 []


Underfull \hbox (badness 10000) in alignment at lines 9194--9198
[] [] [] [] [] [] [] [] [] []
 []


Underfull \hbox (badness 10000) in alignment at lines 9198--9232
[] [] [] [] [] [] [] [] [] []
 []

[151

]
Overfull \hbox (194.73103pt too wide) in alignment at lines 9254--9258
[] [] [] [] [] [] [] [] [] []
 []


Overfull \hbox (194.73103pt too wide) in alignment at lines 9258--9262
[] [] [] [] [] [] [] [] [] []
 []


Overfull \hbox (194.73103pt too wide) in alignment at lines 9262--9296
[] [] [] [] [] [] [] [] [] []
 []

[152

]
Overfull \hbox (194.73103pt too wide) in alignment at lines 9316--9320
[] [] [] [] [] [] [] [] [] []
 []


Overfull \hbox (194.73103pt too wide) in alignment at lines 9320--9324
[] [] [] [] [] [] [] [] [] []
 []


Overfull \hbox (194.73103pt too wide) in alignment at lines 9324--9358
[] [] [] [] [] [] [] [] [] []
 []

[153

]
Overfull \hbox (194.73103pt too wide) in alignment at lines 9380--9384
[] [] [] [] [] [] [] [] [] []
 []


Overfull \hbox (194.73103pt too wide) in alignment at lines 9384--9388
[] [] [] [] [] [] [] [] [] []
 []


Overfull \hbox (194.73103pt too wide) in alignment at lines 9388--9422
[] [] [] [] [] [] [] [] [] []
 []

[154

]
Overfull \hbox (194.73103pt too wide) in alignment at lines 9442--9446
[] [] [] [] [] [] [] [] [] []
 []


Overfull \hbox (194.73103pt too wide) in alignment at lines 9446--9450
[] [] [] [] [] [] [] [] [] []
 []


Overfull \hbox (194.73103pt too wide) in alignment at lines 9450--9484
[] [] [] [] [] [] [] [] [] []
 []

[155

]
Overfull \hbox (194.73103pt too wide) in alignment at lines 9506--9510
[] [] [] [] [] [] [] [] [] []
 []


Overfull \hbox (194.73103pt too wide) in alignment at lines 9510--9514
[] [] [] [] [] [] [] [] [] []
 []


Overfull \hbox (194.73103pt too wide) in alignment at lines 9514--9548
[] [] [] [] [] [] [] [] [] []
 []

[156

]
Overfull \hbox (194.73103pt too wide) in alignment at lines 9568--9572
[] [] [] [] [] [] [] [] [] []
 []


Overfull \hbox (194.73103pt too wide) in alignment at lines 9572--9576
[] [] [] [] [] [] [] [] [] []
 []


Overfull \hbox (194.73103pt too wide) in alignment at lines 9576--9610
[] [] [] [] [] [] [] [] [] []
 []

[157

]
Overfull \hbox (194.73103pt too wide) in alignment at lines 9632--9636
[] [] [] [] [] [] [] [] [] []
 []


Overfull \hbox (194.73103pt too wide) in alignment at lines 9636--9640
[] [] [] [] [] [] [] [] [] []
 []


Overfull \hbox (194.73103pt too wide) in alignment at lines 9640--9674
[] [] [] [] [] [] [] [] [] []
 []

[158

]
Underfull \hbox (badness 10000) in alignment at lines 9690--9694
[] [] [] [] [] [] [] [] [] []
 []


Underfull \hbox (badness 10000) in alignment at lines 9694--9698
[] [] [] [] [] [] [] [] [] []
 []


Underfull \hbox (badness 10000) in alignment at lines 9698--9732
[] [] [] [] [] [] [] [] [] []
 []

[159

]
Overfull \hbox (194.73103pt too wide) in alignment at lines 9754--9758
[] [] [] [] [] [] [] [] [] []
 []


Overfull \hbox (194.73103pt too wide) in alignment at lines 9758--9762
[] [] [] [] [] [] [] [] [] []
 []


Overfull \hbox (194.73103pt too wide) in alignment at lines 9762--9796
[] [] [] [] [] [] [] [] [] []
 []

[160

]
Underfull \hbox (badness 10000) in alignment at lines 9812--9816
[] [] [] [] [] [] [] [] [] []
 []


Underfull \hbox (badness 10000) in alignment at lines 9816--9820
[] [] [] [] [] [] [] [] [] []
 []


Underfull \hbox (badness 10000) in alignment at lines 9820--9854
[] [] [] [] [] [] [] [] [] []
 []

[161

]
Overfull \hbox (194.73103pt too wide) in alignment at lines 9876--9880
[] [] [] [] [] [] [] [] [] []
 []


Overfull \hbox (194.73103pt too wide) in alignment at lines 9880--9884
[] [] [] [] [] [] [] [] [] []
 []


Overfull \hbox (194.73103pt too wide) in alignment at lines 9884--9918
[] [] [] [] [] [] [] [] [] []
 []

[162

]
Overfull \hbox (194.73103pt too wide) in alignment at lines 9938--9942
[] [] [] [] [] [] [] [] [] []
 []


Overfull \hbox (194.73103pt too wide) in alignment at lines 9942--9946
[] [] [] [] [] [] [] [] [] []
 []


Overfull \hbox (194.73103pt too wide) in alignment at lines 9946--9980
[] [] [] [] [] [] [] [] [] []
 []

[163

]
Overfull \hbox (194.73103pt too wide) in alignment at lines 10000--10004
[] [] [] [] [] [] [] [] [] []
 []


Overfull \hbox (194.73103pt too wide) in alignment at lines 10004--10008
[] [] [] [] [] [] [] [] [] []
 []


Overfull \hbox (194.73103pt too wide) in alignment at lines 10008--10042
[] [] [] [] [] [] [] [] [] []
 []

[164

]
Overfull \hbox (194.73103pt too wide) in alignment at lines 10062--10066
[] [] [] [] [] [] [] [] [] []
 []


Overfull \hbox (194.73103pt too wide) in alignment at lines 10066--10070
[] [] [] [] [] [] [] [] [] []
 []


Overfull \hbox (194.73103pt too wide) in alignment at lines 10070--10104
[] [] [] [] [] [] [] [] [] []
 []

[165

]
Overfull \hbox (194.73103pt too wide) in alignment at lines 10124--10128
[] [] [] [] [] [] [] [] [] []
 []


Overfull \hbox (194.73103pt too wide) in alignment at lines 10128--10132
[] [] [] [] [] [] [] [] [] []
 []


Overfull \hbox (194.73103pt too wide) in alignment at lines 10132--10166
[] [] [] [] [] [] [] [] [] []
 []

[166

]
Underfull \hbox (badness 10000) in alignment at lines 10184--10188
[] [] [] [] [] [] [] [] [] []
 []


Underfull \hbox (badness 10000) in alignment at lines 10188--10192
[] [] [] [] [] [] [] [] [] []
 []


Underfull \hbox (badness 10000) in alignment at lines 10192--10226
[] [] [] [] [] [] [] [] [] []
 []

[167

]
Overfull \hbox (194.73103pt too wide) in alignment at lines 10248--10252
[] [] [] [] [] [] [] [] [] []
 []


Overfull \hbox (194.73103pt too wide) in alignment at lines 10252--10256
[] [] [] [] [] [] [] [] [] []
 []


Overfull \hbox (194.73103pt too wide) in alignment at lines 10256--10290
[] [] [] [] [] [] [] [] [] []
 []

[168

]
Overfull \hbox (194.73103pt too wide) in alignment at lines 10310--10314
[] [] [] [] [] [] [] [] [] []
 []


Overfull \hbox (194.73103pt too wide) in alignment at lines 10314--10318
[] [] [] [] [] [] [] [] [] []
 []


Overfull \hbox (194.73103pt too wide) in alignment at lines 10318--10352
[] [] [] [] [] [] [] [] [] []
 []

[169

]
Overfull \hbox (194.73103pt too wide) in alignment at lines 10372--10376
[] [] [] [] [] [] [] [] [] []
 []


Overfull \hbox (194.73103pt too wide) in alignment at lines 10376--10380
[] [] [] [] [] [] [] [] [] []
 []


Overfull \hbox (194.73103pt too wide) in alignment at lines 10380--10414
[] [] [] [] [] [] [] [] [] []
 []

[170

]
Overfull \hbox (194.73103pt too wide) in alignment at lines 10434--10438
[] [] [] [] [] [] [] [] [] []
 []


Overfull \hbox (194.73103pt too wide) in alignment at lines 10438--10442
[] [] [] [] [] [] [] [] [] []
 []


Overfull \hbox (194.73103pt too wide) in alignment at lines 10442--10476
[] [] [] [] [] [] [] [] [] []
 []

[171

]
Overfull \hbox (194.73103pt too wide) in alignment at lines 10496--10500
[] [] [] [] [] [] [] [] [] []
 []


Overfull \hbox (194.73103pt too wide) in alignment at lines 10500--10504
[] [] [] [] [] [] [] [] [] []
 []


Overfull \hbox (194.73103pt too wide) in alignment at lines 10504--10538
[] [] [] [] [] [] [] [] [] []
 []

[172

]
Underfull \hbox (badness 10000) in alignment at lines 10556--10560
[] [] [] [] [] [] [] [] [] []
 []


Underfull \hbox (badness 10000) in alignment at lines 10560--10564
[] [] [] [] [] [] [] [] [] []
 []


Underfull \hbox (badness 10000) in alignment at lines 10564--10598
[] [] [] [] [] [] [] [] [] []
 []

[173

]
Overfull \hbox (194.73103pt too wide) in alignment at lines 10620--10624
[] [] [] [] [] [] [] [] [] []
 []


Overfull \hbox (194.73103pt too wide) in alignment at lines 10624--10628
[] [] [] [] [] [] [] [] [] []
 []


Overfull \hbox (194.73103pt too wide) in alignment at lines 10628--10662
[] [] [] [] [] [] [] [] [] []
 []

[174

]
Overfull \hbox (194.73103pt too wide) in alignment at lines 10682--10686
[] [] [] [] [] [] [] [] [] []
 []


Overfull \hbox (194.73103pt too wide) in alignment at lines 10686--10690
[] [] [] [] [] [] [] [] [] []
 []


Overfull \hbox (194.73103pt too wide) in alignment at lines 10690--10724
[] [] [] [] [] [] [] [] [] []
 []

[175

]
Overfull \hbox (194.73103pt too wide) in alignment at lines 10746--10750
[] [] [] [] [] [] [] [] [] []
 []


Overfull \hbox (194.73103pt too wide) in alignment at lines 10750--10754
[] [] [] [] [] [] [] [] [] []
 []


Overfull \hbox (194.73103pt too wide) in alignment at lines 10754--10788
[] [] [] [] [] [] [] [] [] []
 []

[176

]
Overfull \hbox (194.73103pt too wide) in alignment at lines 10808--10812
[] [] [] [] [] [] [] [] [] []
 []


Overfull \hbox (194.73103pt too wide) in alignment at lines 10812--10816
[] [] [] [] [] [] [] [] [] []
 []


Overfull \hbox (194.73103pt too wide) in alignment at lines 10816--10850
[] [] [] [] [] [] [] [] [] []
 []

[177

]
Overfull \hbox (194.73103pt too wide) in alignment at lines 10872--10876
[] [] [] [] [] [] [] [] [] []
 []


Overfull \hbox (194.73103pt too wide) in alignment at lines 10876--10880
[] [] [] [] [] [] [] [] [] []
 []


Overfull \hbox (194.73103pt too wide) in alignment at lines 10880--10914
[] [] [] [] [] [] [] [] [] []
 []

[178

]
Overfull \hbox (194.73103pt too wide) in alignment at lines 10934--10938
[] [] [] [] [] [] [] [] [] []
 []


Overfull \hbox (194.73103pt too wide) in alignment at lines 10938--10942
[] [] [] [] [] [] [] [] [] []
 []


Overfull \hbox (194.73103pt too wide) in alignment at lines 10942--10976
[] [] [] [] [] [] [] [] [] []
 []

[179

]
Underfull \hbox (badness 10000) in alignment at lines 10992--10996
[] [] [] [] [] [] [] [] [] []
 []


Underfull \hbox (badness 10000) in alignment at lines 10996--11000
[] [] [] [] [] [] [] [] [] []
 []


Underfull \hbox (badness 10000) in alignment at lines 11000--11034
[] [] [] [] [] [] [] [] [] []
 []

[180

]
Overfull \hbox (194.73103pt too wide) in alignment at lines 11056--11060
[] [] [] [] [] [] [] [] [] []
 []


Overfull \hbox (194.73103pt too wide) in alignment at lines 11060--11064
[] [] [] [] [] [] [] [] [] []
 []


Overfull \hbox (194.73103pt too wide) in alignment at lines 11064--11098
[] [] [] [] [] [] [] [] [] []
 []

[181

]
Overfull \hbox (194.73103pt too wide) in alignment at lines 11118--11122
[] [] [] [] [] [] [] [] [] []
 []


Overfull \hbox (194.73103pt too wide) in alignment at lines 11122--11126
[] [] [] [] [] [] [] [] [] []
 []


Overfull \hbox (194.73103pt too wide) in alignment at lines 11126--11160
[] [] [] [] [] [] [] [] [] []
 []

[182

]
Underfull \hbox (badness 10000) in alignment at lines 11176--11180
[] [] [] [] [] [] [] [] [] []
 []


Underfull \hbox (badness 10000) in alignment at lines 11180--11184
[] [] [] [] [] [] [] [] [] []
 []


Underfull \hbox (badness 10000) in alignment at lines 11184--11218
[] [] [] [] [] [] [] [] [] []
 []

[183

]
Overfull \hbox (194.73103pt too wide) in alignment at lines 11240--11244
[] [] [] [] [] [] [] [] [] []
 []


Overfull \hbox (194.73103pt too wide) in alignment at lines 11244--11248
[] [] [] [] [] [] [] [] [] []
 []


Overfull \hbox (194.73103pt too wide) in alignment at lines 11248--11282
[] [] [] [] [] [] [] [] [] []
 []

[184

]
Overfull \hbox (194.73103pt too wide) in alignment at lines 11302--11306
[] [] [] [] [] [] [] [] [] []
 []


Overfull \hbox (194.73103pt too wide) in alignment at lines 11306--11310
[] [] [] [] [] [] [] [] [] []
 []


Overfull \hbox (194.73103pt too wide) in alignment at lines 11310--11344
[] [] [] [] [] [] [] [] [] []
 []

[185

]
Overfull \hbox (194.73103pt too wide) in alignment at lines 11366--11370
[] [] [] [] [] [] [] [] [] []
 []


Overfull \hbox (194.73103pt too wide) in alignment at lines 11370--11374
[] [] [] [] [] [] [] [] [] []
 []


Overfull \hbox (194.73103pt too wide) in alignment at lines 11374--11408
[] [] [] [] [] [] [] [] [] []
 []

[186

]
Overfull \hbox (194.73103pt too wide) in alignment at lines 11428--11432
[] [] [] [] [] [] [] [] [] []
 []


Overfull \hbox (194.73103pt too wide) in alignment at lines 11432--11436
[] [] [] [] [] [] [] [] [] []
 []


Overfull \hbox (194.73103pt too wide) in alignment at lines 11436--11470
[] [] [] [] [] [] [] [] [] []
 []

[187

]
Overfull \hbox (194.73103pt too wide) in alignment at lines 11492--11496
[] [] [] [] [] [] [] [] [] []
 []


Overfull \hbox (194.73103pt too wide) in alignment at lines 11496--11500
[] [] [] [] [] [] [] [] [] []
 []


Overfull \hbox (194.73103pt too wide) in alignment at lines 11500--11534
[] [] [] [] [] [] [] [] [] []
 []

[188

]
Overfull \hbox (194.73103pt too wide) in alignment at lines 11554--11558
[] [] [] [] [] [] [] [] [] []
 []


Overfull \hbox (194.73103pt too wide) in alignment at lines 11558--11562
[] [] [] [] [] [] [] [] [] []
 []


Overfull \hbox (194.73103pt too wide) in alignment at lines 11562--11596
[] [] [] [] [] [] [] [] [] []
 []

[189

]
Underfull \hbox (badness 10000) in alignment at lines 11612--11616
[] [] [] [] [] [] [] [] [] []
 []


Underfull \hbox (badness 10000) in alignment at lines 11616--11620
[] [] [] [] [] [] [] [] [] []
 []


Underfull \hbox (badness 10000) in alignment at lines 11620--11654
[] [] [] [] [] [] [] [] [] []
 []

[190

]
Overfull \hbox (194.73103pt too wide) in alignment at lines 11676--11680
[] [] [] [] [] [] [] [] [] []
 []


Overfull \hbox (194.73103pt too wide) in alignment at lines 11680--11684
[] [] [] [] [] [] [] [] [] []
 []


Overfull \hbox (194.73103pt too wide) in alignment at lines 11684--11718
[] [] [] [] [] [] [] [] [] []
 []

[191

]
Overfull \hbox (194.73103pt too wide) in alignment at lines 11738--11742
[] [] [] [] [] [] [] [] [] []
 []


Overfull \hbox (194.73103pt too wide) in alignment at lines 11742--11746
[] [] [] [] [] [] [] [] [] []
 []


Overfull \hbox (194.73103pt too wide) in alignment at lines 11746--11780
[] [] [] [] [] [] [] [] [] []
 []

[192

]
Underfull \hbox (badness 10000) in alignment at lines 11796--11800
[] [] [] [] [] [] [] [] [] []
 []


Underfull \hbox (badness 10000) in alignment at lines 11800--11804
[] [] [] [] [] [] [] [] [] []
 []


Underfull \hbox (badness 10000) in alignment at lines 11804--11838
[] [] [] [] [] [] [] [] [] []
 []

[193

]
Overfull \hbox (194.73103pt too wide) in alignment at lines 11860--11864
[] [] [] [] [] [] [] [] [] []
 []


Overfull \hbox (194.73103pt too wide) in alignment at lines 11864--11868
[] [] [] [] [] [] [] [] [] []
 []


Overfull \hbox (194.73103pt too wide) in alignment at lines 11868--11902
[] [] [] [] [] [] [] [] [] []
 []

[194

]
Overfull \hbox (194.73103pt too wide) in alignment at lines 11922--11926
[] [] [] [] [] [] [] [] [] []
 []


Overfull \hbox (194.73103pt too wide) in alignment at lines 11926--11930
[] [] [] [] [] [] [] [] [] []
 []


Overfull \hbox (194.73103pt too wide) in alignment at lines 11930--11964
[] [] [] [] [] [] [] [] [] []
 []

[195

]
Overfull \hbox (194.73103pt too wide) in alignment at lines 11986--11990
[] [] [] [] [] [] [] [] [] []
 []


Overfull \hbox (194.73103pt too wide) in alignment at lines 11990--11994
[] [] [] [] [] [] [] [] [] []
 []


Overfull \hbox (194.73103pt too wide) in alignment at lines 11994--12028
[] [] [] [] [] [] [] [] [] []
 []

[196

]
Overfull \hbox (194.73103pt too wide) in alignment at lines 12048--12052
[] [] [] [] [] [] [] [] [] []
 []


Overfull \hbox (194.73103pt too wide) in alignment at lines 12052--12056
[] [] [] [] [] [] [] [] [] []
 []


Overfull \hbox (194.73103pt too wide) in alignment at lines 12056--12090
[] [] [] [] [] [] [] [] [] []
 []

[197

]
Overfull \hbox (194.73103pt too wide) in alignment at lines 12112--12116
[] [] [] [] [] [] [] [] [] []
 []


Overfull \hbox (194.73103pt too wide) in alignment at lines 12116--12120
[] [] [] [] [] [] [] [] [] []
 []


Overfull \hbox (194.73103pt too wide) in alignment at lines 12120--12154
[] [] [] [] [] [] [] [] [] []
 []

[198

]
Underfull \hbox (badness 10000) in alignment at lines 12170--12174
[] [] [] [] [] [] [] [] [] []
 []


Underfull \hbox (badness 10000) in alignment at lines 12174--12178
[] [] [] [] [] [] [] [] [] []
 []


Underfull \hbox (badness 10000) in alignment at lines 12178--12212
[] [] [] [] [] [] [] [] [] []
 []

[199

]
Overfull \hbox (194.73103pt too wide) in alignment at lines 12234--12238
[] [] [] [] [] [] [] [] [] []
 []


Overfull \hbox (194.73103pt too wide) in alignment at lines 12238--12242
[] [] [] [] [] [] [] [] [] []
 []


Overfull \hbox (194.73103pt too wide) in alignment at lines 12242--12276
[] [] [] [] [] [] [] [] [] []
 []

[200

]
Underfull \hbox (badness 10000) in alignment at lines 12292--12296
[] [] [] [] [] [] [] [] [] []
 []


Underfull \hbox (badness 10000) in alignment at lines 12296--12300
[] [] [] [] [] [] [] [] [] []
 []


Underfull \hbox (badness 10000) in alignment at lines 12300--12334
[] [] [] [] [] [] [] [] [] []
 []

[201

]
Overfull \hbox (194.73103pt too wide) in alignment at lines 12356--12360
[] [] [] [] [] [] [] [] [] []
 []


Overfull \hbox (194.73103pt too wide) in alignment at lines 12360--12364
[] [] [] [] [] [] [] [] [] []
 []


Overfull \hbox (194.73103pt too wide) in alignment at lines 12364--12398
[] [] [] [] [] [] [] [] [] []
 []

[202

]
Overfull \hbox (194.73103pt too wide) in alignment at lines 12418--12422
[] [] [] [] [] [] [] [] [] []
 []


Overfull \hbox (194.73103pt too wide) in alignment at lines 12422--12426
[] [] [] [] [] [] [] [] [] []
 []


Overfull \hbox (194.73103pt too wide) in alignment at lines 12426--12460
[] [] [] [] [] [] [] [] [] []
 []

[203

]
Underfull \hbox (badness 10000) in alignment at lines 12476--12480
[] [] [] [] [] [] [] [] [] []
 []


Underfull \hbox (badness 10000) in alignment at lines 12480--12484
[] [] [] [] [] [] [] [] [] []
 []


Underfull \hbox (badness 10000) in alignment at lines 12484--12518
[] [] [] [] [] [] [] [] [] []
 []

[204

]
Overfull \hbox (194.73103pt too wide) in alignment at lines 12540--12544
[] [] [] [] [] [] [] [] [] []
 []


Overfull \hbox (194.73103pt too wide) in alignment at lines 12544--12548
[] [] [] [] [] [] [] [] [] []
 []


Overfull \hbox (194.73103pt too wide) in alignment at lines 12548--12582
[] [] [] [] [] [] [] [] [] []
 []

[205

]
Overfull \hbox (194.73103pt too wide) in alignment at lines 12602--12606
[] [] [] [] [] [] [] [] [] []
 []


Overfull \hbox (194.73103pt too wide) in alignment at lines 12606--12610
[] [] [] [] [] [] [] [] [] []
 []


Overfull \hbox (194.73103pt too wide) in alignment at lines 12610--12644
[] [] [] [] [] [] [] [] [] []
 []

[206

]
Underfull \hbox (badness 10000) in alignment at lines 12660--12664
[] [] [] [] [] [] [] [] [] []
 []


Underfull \hbox (badness 10000) in alignment at lines 12664--12668
[] [] [] [] [] [] [] [] [] []
 []


Underfull \hbox (badness 10000) in alignment at lines 12668--12702
[] [] [] [] [] [] [] [] [] []
 []

[207

]
Overfull \hbox (194.73103pt too wide) in alignment at lines 12724--12728
[] [] [] [] [] [] [] [] [] []
 []


Overfull \hbox (194.73103pt too wide) in alignment at lines 12728--12732
[] [] [] [] [] [] [] [] [] []
 []


Overfull \hbox (194.73103pt too wide) in alignment at lines 12732--12766
[] [] [] [] [] [] [] [] [] []
 []

[208

]
Underfull \hbox (badness 10000) in alignment at lines 12782--12786
[] [] [] [] [] [] [] [] [] []
 []


Underfull \hbox (badness 10000) in alignment at lines 12786--12790
[] [] [] [] [] [] [] [] [] []
 []


Underfull \hbox (badness 10000) in alignment at lines 12790--12824
[] [] [] [] [] [] [] [] [] []
 []

[209

]
Overfull \hbox (194.73103pt too wide) in alignment at lines 12846--12850
[] [] [] [] [] [] [] [] [] []
 []


Overfull \hbox (194.73103pt too wide) in alignment at lines 12850--12854
[] [] [] [] [] [] [] [] [] []
 []


Overfull \hbox (194.73103pt too wide) in alignment at lines 12854--12888
[] [] [] [] [] [] [] [] [] []
 []

[210

]
Underfull \hbox (badness 10000) in alignment at lines 12904--12908
[] [] [] [] [] [] [] [] [] []
 []


Underfull \hbox (badness 10000) in alignment at lines 12908--12912
[] [] [] [] [] [] [] [] [] []
 []


Underfull \hbox (badness 10000) in alignment at lines 12912--12946
[] [] [] [] [] [] [] [] [] []
 []

[211

]
Overfull \hbox (194.73103pt too wide) in alignment at lines 12968--12972
[] [] [] [] [] [] [] [] [] []
 []


Overfull \hbox (194.73103pt too wide) in alignment at lines 12972--12976
[] [] [] [] [] [] [] [] [] []
 []


Overfull \hbox (194.73103pt too wide) in alignment at lines 12976--13010
[] [] [] [] [] [] [] [] [] []
 []

[212

]
Overfull \hbox (194.73103pt too wide) in alignment at lines 13030--13034
[] [] [] [] [] [] [] [] [] []
 []


Overfull \hbox (194.73103pt too wide) in alignment at lines 13034--13038
[] [] [] [] [] [] [] [] [] []
 []


Overfull \hbox (194.73103pt too wide) in alignment at lines 13038--13072
[] [] [] [] [] [] [] [] [] []
 []

[213

]
Underfull \hbox (badness 10000) in alignment at lines 13088--13092
[] [] [] [] [] [] [] [] [] []
 []


Underfull \hbox (badness 10000) in alignment at lines 13092--13096
[] [] [] [] [] [] [] [] [] []
 []


Underfull \hbox (badness 10000) in alignment at lines 13096--13130
[] [] [] [] [] [] [] [] [] []
 []

[214

]
Overfull \hbox (194.73103pt too wide) in alignment at lines 13152--13156
[] [] [] [] [] [] [] [] [] []
 []


Overfull \hbox (194.73103pt too wide) in alignment at lines 13156--13160
[] [] [] [] [] [] [] [] [] []
 []


Overfull \hbox (194.73103pt too wide) in alignment at lines 13160--13194
[] [] [] [] [] [] [] [] [] []
 []

[215

]
Overfull \hbox (194.73103pt too wide) in alignment at lines 13214--13218
[] [] [] [] [] [] [] [] [] []
 []


Overfull \hbox (194.73103pt too wide) in alignment at lines 13218--13222
[] [] [] [] [] [] [] [] [] []
 []


Overfull \hbox (194.73103pt too wide) in alignment at lines 13222--13256
[] [] [] [] [] [] [] [] [] []
 []

[216

]
Underfull \hbox (badness 10000) in alignment at lines 13272--13276
[] [] [] [] [] [] [] [] [] []
 []


Underfull \hbox (badness 10000) in alignment at lines 13276--13280
[] [] [] [] [] [] [] [] [] []
 []


Underfull \hbox (badness 10000) in alignment at lines 13280--13314
[] [] [] [] [] [] [] [] [] []
 []

[217

]
Overfull \hbox (194.73103pt too wide) in alignment at lines 13336--13340
[] [] [] [] [] [] [] [] [] []
 []


Overfull \hbox (194.73103pt too wide) in alignment at lines 13340--13344
[] [] [] [] [] [] [] [] [] []
 []


Overfull \hbox (194.73103pt too wide) in alignment at lines 13344--13378
[] [] [] [] [] [] [] [] [] []
 []

[218

]
Overfull \hbox (194.73103pt too wide) in alignment at lines 13398--13402
[] [] [] [] [] [] [] [] [] []
 []


Overfull \hbox (194.73103pt too wide) in alignment at lines 13402--13406
[] [] [] [] [] [] [] [] [] []
 []


Overfull \hbox (194.73103pt too wide) in alignment at lines 13406--13440
[] [] [] [] [] [] [] [] [] []
 []

[219

]
Overfull \hbox (194.73103pt too wide) in alignment at lines 13462--13466
[] [] [] [] [] [] [] [] [] []
 []


Overfull \hbox (194.73103pt too wide) in alignment at lines 13466--13470
[] [] [] [] [] [] [] [] [] []
 []


Overfull \hbox (194.73103pt too wide) in alignment at lines 13470--13504
[] [] [] [] [] [] [] [] [] []
 []

[220

]
Overfull \hbox (194.73103pt too wide) in alignment at lines 13524--13528
[] [] [] [] [] [] [] [] [] []
 []


Overfull \hbox (194.73103pt too wide) in alignment at lines 13528--13532
[] [] [] [] [] [] [] [] [] []
 []


Overfull \hbox (194.73103pt too wide) in alignment at lines 13532--13566
[] [] [] [] [] [] [] [] [] []
 []

[221

]
Overfull \hbox (194.73103pt too wide) in alignment at lines 13588--13592
[] [] [] [] [] [] [] [] [] []
 []


Overfull \hbox (194.73103pt too wide) in alignment at lines 13592--13596
[] [] [] [] [] [] [] [] [] []
 []


Overfull \hbox (194.73103pt too wide) in alignment at lines 13596--13630
[] [] [] [] [] [] [] [] [] []
 []

[222

]
Overfull \hbox (194.73103pt too wide) in alignment at lines 13650--13654
[] [] [] [] [] [] [] [] [] []
 []


Overfull \hbox (194.73103pt too wide) in alignment at lines 13654--13658
[] [] [] [] [] [] [] [] [] []
 []


Overfull \hbox (194.73103pt too wide) in alignment at lines 13658--13692
[] [] [] [] [] [] [] [] [] []
 []

[223

]
Overfull \hbox (194.73103pt too wide) in alignment at lines 13713--13717
[] [] [] [] [] [] [] [] [] []
 []


Overfull \hbox (194.73103pt too wide) in alignment at lines 13717--13721
[] [] [] [] [] [] [] [] [] []
 []


Overfull \hbox (194.73103pt too wide) in alignment at lines 13721--13755
[] [] [] [] [] [] [] [] [] []
 []

[224

]
Overfull \hbox (194.73103pt too wide) in alignment at lines 13776--13780
[] [] [] [] [] [] [] [] [] []
 []


Overfull \hbox (194.73103pt too wide) in alignment at lines 13780--13784
[] [] [] [] [] [] [] [] [] []
 []


Overfull \hbox (194.73103pt too wide) in alignment at lines 13784--13818
[] [] [] [] [] [] [] [] [] []
 []

[225

]
Overfull \hbox (194.73103pt too wide) in alignment at lines 13839--13843
[] [] [] [] [] [] [] [] [] []
 []


Overfull \hbox (194.73103pt too wide) in alignment at lines 13843--13847
[] [] [] [] [] [] [] [] [] []
 []


Overfull \hbox (194.73103pt too wide) in alignment at lines 13847--13881
[] [] [] [] [] [] [] [] [] []
 []

[226

]
Overfull \hbox (194.73103pt too wide) in alignment at lines 13902--13906
[] [] [] [] [] [] [] [] [] []
 []


Overfull \hbox (194.73103pt too wide) in alignment at lines 13906--13910
[] [] [] [] [] [] [] [] [] []
 []


Overfull \hbox (194.73103pt too wide) in alignment at lines 13910--13944
[] [] [] [] [] [] [] [] [] []
 []

[227

]
Overfull \hbox (194.73103pt too wide) in alignment at lines 13966--13970
[] [] [] [] [] [] [] [] [] []
 []


Overfull \hbox (194.73103pt too wide) in alignment at lines 13970--13974
[] [] [] [] [] [] [] [] [] []
 []


Overfull \hbox (194.73103pt too wide) in alignment at lines 13974--14008
[] [] [] [] [] [] [] [] [] []
 []

[228

]
Overfull \hbox (194.73103pt too wide) in alignment at lines 14028--14032
[] [] [] [] [] [] [] [] [] []
 []


Overfull \hbox (194.73103pt too wide) in alignment at lines 14032--14036
[] [] [] [] [] [] [] [] [] []
 []


Overfull \hbox (194.73103pt too wide) in alignment at lines 14036--14070
[] [] [] [] [] [] [] [] [] []
 []

[229

]
Overfull \hbox (194.73103pt too wide) in alignment at lines 14092--14096
[] [] [] [] [] [] [] [] [] []
 []


Overfull \hbox (194.73103pt too wide) in alignment at lines 14096--14100
[] [] [] [] [] [] [] [] [] []
 []


Overfull \hbox (194.73103pt too wide) in alignment at lines 14100--14134
[] [] [] [] [] [] [] [] [] []
 []

[230

]
Overfull \hbox (194.73103pt too wide) in alignment at lines 14154--14158
[] [] [] [] [] [] [] [] [] []
 []


Overfull \hbox (194.73103pt too wide) in alignment at lines 14158--14162
[] [] [] [] [] [] [] [] [] []
 []


Overfull \hbox (194.73103pt too wide) in alignment at lines 14162--14196
[] [] [] [] [] [] [] [] [] []
 []

[231

]
Overfull \hbox (194.73103pt too wide) in alignment at lines 14218--14222
[] [] [] [] [] [] [] [] [] []
 []


Overfull \hbox (194.73103pt too wide) in alignment at lines 14222--14226
[] [] [] [] [] [] [] [] [] []
 []


Overfull \hbox (194.73103pt too wide) in alignment at lines 14226--14260
[] [] [] [] [] [] [] [] [] []
 []

[232

]
Overfull \hbox (194.73103pt too wide) in alignment at lines 14280--14284
[] [] [] [] [] [] [] [] [] []
 []


Overfull \hbox (194.73103pt too wide) in alignment at lines 14284--14288
[] [] [] [] [] [] [] [] [] []
 []


Overfull \hbox (194.73103pt too wide) in alignment at lines 14288--14322
[] [] [] [] [] [] [] [] [] []
 []

[233

]
Overfull \hbox (194.73103pt too wide) in alignment at lines 14342--14346
[] [] [] [] [] [] [] [] [] []
 []


Overfull \hbox (194.73103pt too wide) in alignment at lines 14346--14350
[] [] [] [] [] [] [] [] [] []
 []


Overfull \hbox (194.73103pt too wide) in alignment at lines 14350--14384
[] [] [] [] [] [] [] [] [] []
 []

[234

]
Overfull \hbox (194.73103pt too wide) in alignment at lines 14404--14408
[] [] [] [] [] [] [] [] [] []
 []


Overfull \hbox (194.73103pt too wide) in alignment at lines 14408--14412
[] [] [] [] [] [] [] [] [] []
 []


Overfull \hbox (194.73103pt too wide) in alignment at lines 14412--14446
[] [] [] [] [] [] [] [] [] []
 []

[235

]
Underfull \hbox (badness 10000) in alignment at lines 14464--14468
[] [] [] [] [] [] [] [] [] []
 []


Underfull \hbox (badness 10000) in alignment at lines 14468--14472
[] [] [] [] [] [] [] [] [] []
 []


Underfull \hbox (badness 10000) in alignment at lines 14472--14506
[] [] [] [] [] [] [] [] [] []
 []

[236

]
Overfull \hbox (194.73103pt too wide) in alignment at lines 14528--14532
[] [] [] [] [] [] [] [] [] []
 []


Overfull \hbox (194.73103pt too wide) in alignment at lines 14532--14536
[] [] [] [] [] [] [] [] [] []
 []


Overfull \hbox (194.73103pt too wide) in alignment at lines 14536--14570
[] [] [] [] [] [] [] [] [] []
 []

[237

]
Overfull \hbox (194.73103pt too wide) in alignment at lines 14590--14594
[] [] [] [] [] [] [] [] [] []
 []


Overfull \hbox (194.73103pt too wide) in alignment at lines 14594--14598
[] [] [] [] [] [] [] [] [] []
 []


Overfull \hbox (194.73103pt too wide) in alignment at lines 14598--14632
[] [] [] [] [] [] [] [] [] []
 []

[238

]
Overfull \hbox (194.73103pt too wide) in alignment at lines 14652--14656
[] [] [] [] [] [] [] [] [] []
 []


Overfull \hbox (194.73103pt too wide) in alignment at lines 14656--14660
[] [] [] [] [] [] [] [] [] []
 []


Overfull \hbox (194.73103pt too wide) in alignment at lines 14660--14694
[] [] [] [] [] [] [] [] [] []
 []

[239

]
Overfull \hbox (194.73103pt too wide) in alignment at lines 14714--14718
[] [] [] [] [] [] [] [] [] []
 []


Overfull \hbox (194.73103pt too wide) in alignment at lines 14718--14722
[] [] [] [] [] [] [] [] [] []
 []


Overfull \hbox (194.73103pt too wide) in alignment at lines 14722--14756
[] [] [] [] [] [] [] [] [] []
 []

[240

]
Underfull \hbox (badness 10000) in alignment at lines 14774--14778
[] [] [] [] [] [] [] [] [] []
 []


Underfull \hbox (badness 10000) in alignment at lines 14778--14782
[] [] [] [] [] [] [] [] [] []
 []


Underfull \hbox (badness 10000) in alignment at lines 14782--14816
[] [] [] [] [] [] [] [] [] []
 []

[241

]
Underfull \hbox (badness 10000) in alignment at lines 14833--14837
[] [] [] [] [] [] [] [] [] []
 []


Underfull \hbox (badness 10000) in alignment at lines 14837--14841
[] [] [] [] [] [] [] [] [] []
 []


Underfull \hbox (badness 10000) in alignment at lines 14841--14875
[] [] [] [] [] [] [] [] [] []
 []

[242

]
Underfull \hbox (badness 10000) in alignment at lines 14892--14896
[] [] [] [] [] [] [] [] [] []
 []


Underfull \hbox (badness 10000) in alignment at lines 14896--14900
[] [] [] [] [] [] [] [] [] []
 []


Underfull \hbox (badness 10000) in alignment at lines 14900--14934
[] [] [] [] [] [] [] [] [] []
 []

[243

]
Overfull \hbox (194.73103pt too wide) in alignment at lines 14956--14960
[] [] [] [] [] [] [] [] [] []
 []


Overfull \hbox (194.73103pt too wide) in alignment at lines 14960--14964
[] [] [] [] [] [] [] [] [] []
 []


Overfull \hbox (194.73103pt too wide) in alignment at lines 14964--14998
[] [] [] [] [] [] [] [] [] []
 []

[244

]
Overfull \hbox (194.73103pt too wide) in alignment at lines 15018--15022
[] [] [] [] [] [] [] [] [] []
 []


Overfull \hbox (194.73103pt too wide) in alignment at lines 15022--15026
[] [] [] [] [] [] [] [] [] []
 []


Overfull \hbox (194.73103pt too wide) in alignment at lines 15026--15060
[] [] [] [] [] [] [] [] [] []
 []

[245

]
Underfull \hbox (badness 10000) in alignment at lines 15076--15080
[] [] [] [] [] [] [] [] [] []
 []


Underfull \hbox (badness 10000) in alignment at lines 15080--15084
[] [] [] [] [] [] [] [] [] []
 []


Underfull \hbox (badness 10000) in alignment at lines 15084--15118
[] [] [] [] [] [] [] [] [] []
 []

[246

]
Overfull \hbox (194.73103pt too wide) in alignment at lines 15140--15144
[] [] [] [] [] [] [] [] [] []
 []


Overfull \hbox (194.73103pt too wide) in alignment at lines 15144--15148
[] [] [] [] [] [] [] [] [] []
 []


Overfull \hbox (194.73103pt too wide) in alignment at lines 15148--15182
[] [] [] [] [] [] [] [] [] []
 []

[247

]
Overfull \hbox (194.73103pt too wide) in alignment at lines 15202--15206
[] [] [] [] [] [] [] [] [] []
 []


Overfull \hbox (194.73103pt too wide) in alignment at lines 15206--15210
[] [] [] [] [] [] [] [] [] []
 []


Overfull \hbox (194.73103pt too wide) in alignment at lines 15210--15244
[] [] [] [] [] [] [] [] [] []
 []

[248

]
Underfull \hbox (badness 10000) in alignment at lines 15260--15264
[] [] [] [] [] [] [] [] [] []
 []


Underfull \hbox (badness 10000) in alignment at lines 15264--15268
[] [] [] [] [] [] [] [] [] []
 []


Underfull \hbox (badness 10000) in alignment at lines 15268--15302
[] [] [] [] [] [] [] [] [] []
 []

[249

]
Overfull \hbox (194.73103pt too wide) in alignment at lines 15324--15328
[] [] [] [] [] [] [] [] [] []
 []


Overfull \hbox (194.73103pt too wide) in alignment at lines 15328--15332
[] [] [] [] [] [] [] [] [] []
 []


Overfull \hbox (194.73103pt too wide) in alignment at lines 15332--15366
[] [] [] [] [] [] [] [] [] []
 []

[250

]
Overfull \hbox (194.73103pt too wide) in alignment at lines 15386--15390
[] [] [] [] [] [] [] [] [] []
 []


Overfull \hbox (194.73103pt too wide) in alignment at lines 15390--15394
[] [] [] [] [] [] [] [] [] []
 []


Overfull \hbox (194.73103pt too wide) in alignment at lines 15394--15428
[] [] [] [] [] [] [] [] [] []
 []

[251

]
Overfull \hbox (194.73103pt too wide) in alignment at lines 15450--15454
[] [] [] [] [] [] [] [] [] []
 []


Overfull \hbox (194.73103pt too wide) in alignment at lines 15454--15458
[] [] [] [] [] [] [] [] [] []
 []


Overfull \hbox (194.73103pt too wide) in alignment at lines 15458--15492
[] [] [] [] [] [] [] [] [] []
 []

[252

]
Overfull \hbox (194.73103pt too wide) in alignment at lines 15512--15516
[] [] [] [] [] [] [] [] [] []
 []


Overfull \hbox (194.73103pt too wide) in alignment at lines 15516--15520
[] [] [] [] [] [] [] [] [] []
 []


Overfull \hbox (194.73103pt too wide) in alignment at lines 15520--15554
[] [] [] [] [] [] [] [] [] []
 []

[253

]
Overfull \hbox (194.73103pt too wide) in alignment at lines 15576--15580
[] [] [] [] [] [] [] [] [] []
 []


Overfull \hbox (194.73103pt too wide) in alignment at lines 15580--15584
[] [] [] [] [] [] [] [] [] []
 []


Overfull \hbox (194.73103pt too wide) in alignment at lines 15584--15618
[] [] [] [] [] [] [] [] [] []
 []

[254

]
Overfull \hbox (194.73103pt too wide) in alignment at lines 15638--15642
[] [] [] [] [] [] [] [] [] []
 []


Overfull \hbox (194.73103pt too wide) in alignment at lines 15642--15646
[] [] [] [] [] [] [] [] [] []
 []


Overfull \hbox (194.73103pt too wide) in alignment at lines 15646--15680
[] [] [] [] [] [] [] [] [] []
 []

[255

]
Overfull \hbox (194.73103pt too wide) in alignment at lines 15700--15704
[] [] [] [] [] [] [] [] [] []
 []


Overfull \hbox (194.73103pt too wide) in alignment at lines 15704--15708
[] [] [] [] [] [] [] [] [] []
 []


Overfull \hbox (194.73103pt too wide) in alignment at lines 15708--15742
[] [] [] [] [] [] [] [] [] []
 []

[256

]
Overfull \hbox (194.73103pt too wide) in alignment at lines 15762--15766
[] [] [] [] [] [] [] [] [] []
 []


Overfull \hbox (194.73103pt too wide) in alignment at lines 15766--15770
[] [] [] [] [] [] [] [] [] []
 []


Overfull \hbox (194.73103pt too wide) in alignment at lines 15770--15804
[] [] [] [] [] [] [] [] [] []
 []

[257

]
Underfull \hbox (badness 10000) in alignment at lines 15822--15826
[] [] [] [] [] [] [] [] [] []
 []


Underfull \hbox (badness 10000) in alignment at lines 15826--15830
[] [] [] [] [] [] [] [] [] []
 []


Underfull \hbox (badness 10000) in alignment at lines 15830--15864
[] [] [] [] [] [] [] [] [] []
 []

[258

]
Overfull \hbox (194.73103pt too wide) in alignment at lines 15886--15890
[] [] [] [] [] [] [] [] [] []
 []


Overfull \hbox (194.73103pt too wide) in alignment at lines 15890--15894
[] [] [] [] [] [] [] [] [] []
 []


Overfull \hbox (194.73103pt too wide) in alignment at lines 15894--15928
[] [] [] [] [] [] [] [] [] []
 []

[259

]
Overfull \hbox (194.73103pt too wide) in alignment at lines 15948--15952
[] [] [] [] [] [] [] [] [] []
 []


Overfull \hbox (194.73103pt too wide) in alignment at lines 15952--15956
[] [] [] [] [] [] [] [] [] []
 []


Overfull \hbox (194.73103pt too wide) in alignment at lines 15956--15990
[] [] [] [] [] [] [] [] [] []
 []

[260

]
Overfull \hbox (194.73103pt too wide) in alignment at lines 16010--16014
[] [] [] [] [] [] [] [] [] []
 []


Overfull \hbox (194.73103pt too wide) in alignment at lines 16014--16018
[] [] [] [] [] [] [] [] [] []
 []


Overfull \hbox (194.73103pt too wide) in alignment at lines 16018--16052
[] [] [] [] [] [] [] [] [] []
 []

[261

]
Overfull \hbox (194.73103pt too wide) in alignment at lines 16072--16076
[] [] [] [] [] [] [] [] [] []
 []


Overfull \hbox (194.73103pt too wide) in alignment at lines 16076--16080
[] [] [] [] [] [] [] [] [] []
 []


Overfull \hbox (194.73103pt too wide) in alignment at lines 16080--16114
[] [] [] [] [] [] [] [] [] []
 []

[262

]
Underfull \hbox (badness 10000) in alignment at lines 16132--16136
[] [] [] [] [] [] [] [] [] []
 []


Underfull \hbox (badness 10000) in alignment at lines 16136--16140
[] [] [] [] [] [] [] [] [] []
 []


Underfull \hbox (badness 10000) in alignment at lines 16140--16174
[] [] [] [] [] [] [] [] [] []
 []

[263

]
Underfull \hbox (badness 10000) in alignment at lines 16191--16195
[] [] [] [] [] [] [] [] [] []
 []


Underfull \hbox (badness 10000) in alignment at lines 16195--16199
[] [] [] [] [] [] [] [] [] []
 []


Underfull \hbox (badness 10000) in alignment at lines 16199--16233
[] [] [] [] [] [] [] [] [] []
 []

[264

]
Underfull \hbox (badness 10000) in alignment at lines 16250--16254
[] [] [] [] [] [] [] [] [] []
 []


Underfull \hbox (badness 10000) in alignment at lines 16254--16258
[] [] [] [] [] [] [] [] [] []
 []


Underfull \hbox (badness 10000) in alignment at lines 16258--16292
[] [] [] [] [] [] [] [] [] []
 []

[265

]
Overfull \hbox (194.73103pt too wide) in alignment at lines 16314--16318
[] [] [] [] [] [] [] [] [] []
 []


Overfull \hbox (194.73103pt too wide) in alignment at lines 16318--16322
[] [] [] [] [] [] [] [] [] []
 []


Overfull \hbox (194.73103pt too wide) in alignment at lines 16322--16356
[] [] [] [] [] [] [] [] [] []
 []

[266

]
Overfull \hbox (194.73103pt too wide) in alignment at lines 16376--16380
[] [] [] [] [] [] [] [] [] []
 []


Overfull \hbox (194.73103pt too wide) in alignment at lines 16380--16384
[] [] [] [] [] [] [] [] [] []
 []


Overfull \hbox (194.73103pt too wide) in alignment at lines 16384--16418
[] [] [] [] [] [] [] [] [] []
 []

[267

]
Underfull \hbox (badness 10000) in alignment at lines 16434--16438
[] [] [] [] [] [] [] [] [] []
 []


Underfull \hbox (badness 10000) in alignment at lines 16438--16442
[] [] [] [] [] [] [] [] [] []
 []


Underfull \hbox (badness 10000) in alignment at lines 16442--16476
[] [] [] [] [] [] [] [] [] []
 []

[268

]
Overfull \hbox (194.73103pt too wide) in alignment at lines 16498--16502
[] [] [] [] [] [] [] [] [] []
 []


Overfull \hbox (194.73103pt too wide) in alignment at lines 16502--16506
[] [] [] [] [] [] [] [] [] []
 []


Overfull \hbox (194.73103pt too wide) in alignment at lines 16506--16540
[] [] [] [] [] [] [] [] [] []
 []

[269

]
Overfull \hbox (194.73103pt too wide) in alignment at lines 16560--16564
[] [] [] [] [] [] [] [] [] []
 []


Overfull \hbox (194.73103pt too wide) in alignment at lines 16564--16568
[] [] [] [] [] [] [] [] [] []
 []


Overfull \hbox (194.73103pt too wide) in alignment at lines 16568--16602
[] [] [] [] [] [] [] [] [] []
 []

[270

]
Underfull \hbox (badness 10000) in alignment at lines 16618--16622
[] [] [] [] [] [] [] [] [] []
 []


Underfull \hbox (badness 10000) in alignment at lines 16622--16626
[] [] [] [] [] [] [] [] [] []
 []


Underfull \hbox (badness 10000) in alignment at lines 16626--16660
[] [] [] [] [] [] [] [] [] []
 []

[271

]
Overfull \hbox (194.73103pt too wide) in alignment at lines 16682--16686
[] [] [] [] [] [] [] [] [] []
 []


Overfull \hbox (194.73103pt too wide) in alignment at lines 16686--16690
[] [] [] [] [] [] [] [] [] []
 []


Overfull \hbox (194.73103pt too wide) in alignment at lines 16690--16724
[] [] [] [] [] [] [] [] [] []
 []

[272

]
Overfull \hbox (194.73103pt too wide) in alignment at lines 16744--16748
[] [] [] [] [] [] [] [] [] []
 []


Overfull \hbox (194.73103pt too wide) in alignment at lines 16748--16752
[] [] [] [] [] [] [] [] [] []
 []


Overfull \hbox (194.73103pt too wide) in alignment at lines 16752--16786
[] [] [] [] [] [] [] [] [] []
 []

[273

]
Overfull \hbox (194.73103pt too wide) in alignment at lines 16806--16810
[] [] [] [] [] [] [] [] [] []
 []


Overfull \hbox (194.73103pt too wide) in alignment at lines 16810--16814
[] [] [] [] [] [] [] [] [] []
 []


Overfull \hbox (194.73103pt too wide) in alignment at lines 16814--16848
[] [] [] [] [] [] [] [] [] []
 []

[274

]
Overfull \hbox (194.73103pt too wide) in alignment at lines 16868--16872
[] [] [] [] [] [] [] [] [] []
 []


Overfull \hbox (194.73103pt too wide) in alignment at lines 16872--16876
[] [] [] [] [] [] [] [] [] []
 []


Overfull \hbox (194.73103pt too wide) in alignment at lines 16876--16910
[] [] [] [] [] [] [] [] [] []
 []

[275

]
Underfull \hbox (badness 10000) in alignment at lines 16928--16932
[] [] [] [] [] [] [] [] [] []
 []


Underfull \hbox (badness 10000) in alignment at lines 16932--16936
[] [] [] [] [] [] [] [] [] []
 []


Underfull \hbox (badness 10000) in alignment at lines 16936--16970
[] [] [] [] [] [] [] [] [] []
 []

[276

]
Overfull \hbox (194.73103pt too wide) in alignment at lines 16992--16996
[] [] [] [] [] [] [] [] [] []
 []


Overfull \hbox (194.73103pt too wide) in alignment at lines 16996--17000
[] [] [] [] [] [] [] [] [] []
 []


Overfull \hbox (194.73103pt too wide) in alignment at lines 17000--17034
[] [] [] [] [] [] [] [] [] []
 []

[277

]
Overfull \hbox (194.73103pt too wide) in alignment at lines 17054--17058
[] [] [] [] [] [] [] [] [] []
 []


Overfull \hbox (194.73103pt too wide) in alignment at lines 17058--17062
[] [] [] [] [] [] [] [] [] []
 []


Overfull \hbox (194.73103pt too wide) in alignment at lines 17062--17096
[] [] [] [] [] [] [] [] [] []
 []

[278

]
Overfull \hbox (194.73103pt too wide) in alignment at lines 17116--17120
[] [] [] [] [] [] [] [] [] []
 []


Overfull \hbox (194.73103pt too wide) in alignment at lines 17120--17124
[] [] [] [] [] [] [] [] [] []
 []


Overfull \hbox (194.73103pt too wide) in alignment at lines 17124--17158
[] [] [] [] [] [] [] [] [] []
 []

[279

]
Overfull \hbox (194.73103pt too wide) in alignment at lines 17178--17182
[] [] [] [] [] [] [] [] [] []
 []


Overfull \hbox (194.73103pt too wide) in alignment at lines 17182--17186
[] [] [] [] [] [] [] [] [] []
 []


Overfull \hbox (194.73103pt too wide) in alignment at lines 17186--17220
[] [] [] [] [] [] [] [] [] []
 []

[280

]
Underfull \hbox (badness 10000) in alignment at lines 17238--17242
[] [] [] [] [] [] [] [] [] []
 []


Underfull \hbox (badness 10000) in alignment at lines 17242--17246
[] [] [] [] [] [] [] [] [] []
 []


Underfull \hbox (badness 10000) in alignment at lines 17246--17280
[] [] [] [] [] [] [] [] [] []
 []

[281

]
Underfull \hbox (badness 10000) in alignment at lines 17297--17301
[] [] [] [] [] [] [] [] [] []
 []


Underfull \hbox (badness 10000) in alignment at lines 17301--17305
[] [] [] [] [] [] [] [] [] []
 []


Underfull \hbox (badness 10000) in alignment at lines 17305--17339
[] [] [] [] [] [] [] [] [] []
 []

[282

]
Underfull \hbox (badness 10000) in alignment at lines 17356--17360
[] [] [] [] [] [] [] [] [] []
 []


Underfull \hbox (badness 10000) in alignment at lines 17360--17364
[] [] [] [] [] [] [] [] [] []
 []


Underfull \hbox (badness 10000) in alignment at lines 17364--17398
[] [] [] [] [] [] [] [] [] []
 []

[283

]
Overfull \hbox (194.73103pt too wide) in alignment at lines 17420--17424
[] [] [] [] [] [] [] [] [] []
 []


Overfull \hbox (194.73103pt too wide) in alignment at lines 17424--17428
[] [] [] [] [] [] [] [] [] []
 []


Overfull \hbox (194.73103pt too wide) in alignment at lines 17428--17462
[] [] [] [] [] [] [] [] [] []
 []

[284

]
Overfull \hbox (194.73103pt too wide) in alignment at lines 17482--17486
[] [] [] [] [] [] [] [] [] []
 []


Overfull \hbox (194.73103pt too wide) in alignment at lines 17486--17490
[] [] [] [] [] [] [] [] [] []
 []


Overfull \hbox (194.73103pt too wide) in alignment at lines 17490--17524
[] [] [] [] [] [] [] [] [] []
 []

[285

]
Overfull \hbox (194.73103pt too wide) in alignment at lines 17544--17548
[] [] [] [] [] [] [] [] [] []
 []


Overfull \hbox (194.73103pt too wide) in alignment at lines 17548--17552
[] [] [] [] [] [] [] [] [] []
 []


Overfull \hbox (194.73103pt too wide) in alignment at lines 17552--17586
[] [] [] [] [] [] [] [] [] []
 []

[286

]
Overfull \hbox (194.73103pt too wide) in alignment at lines 17606--17610
[] [] [] [] [] [] [] [] [] []
 []


Overfull \hbox (194.73103pt too wide) in alignment at lines 17610--17614
[] [] [] [] [] [] [] [] [] []
 []


Overfull \hbox (194.73103pt too wide) in alignment at lines 17614--17648
[] [] [] [] [] [] [] [] [] []
 []

[287

]
Underfull \hbox (badness 10000) in alignment at lines 17666--17670
[] [] [] [] [] [] [] [] [] []
 []


Underfull \hbox (badness 10000) in alignment at lines 17670--17674
[] [] [] [] [] [] [] [] [] []
 []


Underfull \hbox (badness 10000) in alignment at lines 17674--17708
[] [] [] [] [] [] [] [] [] []
 []

[288

]
Overfull \hbox (194.73103pt too wide) in alignment at lines 17730--17734
[] [] [] [] [] [] [] [] [] []
 []


Overfull \hbox (194.73103pt too wide) in alignment at lines 17734--17738
[] [] [] [] [] [] [] [] [] []
 []


Overfull \hbox (194.73103pt too wide) in alignment at lines 17738--17772
[] [] [] [] [] [] [] [] [] []
 []

[289

]
Overfull \hbox (194.73103pt too wide) in alignment at lines 17792--17796
[] [] [] [] [] [] [] [] [] []
 []


Overfull \hbox (194.73103pt too wide) in alignment at lines 17796--17800
[] [] [] [] [] [] [] [] [] []
 []


Overfull \hbox (194.73103pt too wide) in alignment at lines 17800--17834
[] [] [] [] [] [] [] [] [] []
 []

[290

]
Overfull \hbox (194.73103pt too wide) in alignment at lines 17854--17858
[] [] [] [] [] [] [] [] [] []
 []


Overfull \hbox (194.73103pt too wide) in alignment at lines 17858--17862
[] [] [] [] [] [] [] [] [] []
 []


Overfull \hbox (194.73103pt too wide) in alignment at lines 17862--17896
[] [] [] [] [] [] [] [] [] []
 []

[291

]
Overfull \hbox (194.73103pt too wide) in alignment at lines 17916--17920
[] [] [] [] [] [] [] [] [] []
 []


Overfull \hbox (194.73103pt too wide) in alignment at lines 17920--17924
[] [] [] [] [] [] [] [] [] []
 []


Overfull \hbox (194.73103pt too wide) in alignment at lines 17924--17958
[] [] [] [] [] [] [] [] [] []
 []

[292

]
Underfull \hbox (badness 10000) in alignment at lines 17976--17980
[] [] [] [] [] [] [] [] [] []
 []


Underfull \hbox (badness 10000) in alignment at lines 17980--17984
[] [] [] [] [] [] [] [] [] []
 []


Underfull \hbox (badness 10000) in alignment at lines 17984--18018
[] [] [] [] [] [] [] [] [] []
 []

[293

]
Underfull \hbox (badness 10000) in alignment at lines 18035--18039
[] [] [] [] [] [] [] [] [] []
 []


Underfull \hbox (badness 10000) in alignment at lines 18039--18043
[] [] [] [] [] [] [] [] [] []
 []


Underfull \hbox (badness 10000) in alignment at lines 18043--18077
[] [] [] [] [] [] [] [] [] []
 []

[294

]
Underfull \hbox (badness 10000) in alignment at lines 18094--18098
[] [] [] [] [] [] [] [] [] []
 []


Underfull \hbox (badness 10000) in alignment at lines 18098--18102
[] [] [] [] [] [] [] [] [] []
 []


Underfull \hbox (badness 10000) in alignment at lines 18102--18136
[] [] [] [] [] [] [] [] [] []
 []

[295

]
Overfull \hbox (194.73103pt too wide) in alignment at lines 18158--18162
[] [] [] [] [] [] [] [] [] []
 []


Overfull \hbox (194.73103pt too wide) in alignment at lines 18162--18166
[] [] [] [] [] [] [] [] [] []
 []


Overfull \hbox (194.73103pt too wide) in alignment at lines 18166--18200
[] [] [] [] [] [] [] [] [] []
 []

[296

]
Overfull \hbox (194.73103pt too wide) in alignment at lines 18220--18224
[] [] [] [] [] [] [] [] [] []
 []


Overfull \hbox (194.73103pt too wide) in alignment at lines 18224--18228
[] [] [] [] [] [] [] [] [] []
 []


Overfull \hbox (194.73103pt too wide) in alignment at lines 18228--18262
[] [] [] [] [] [] [] [] [] []
 []

[297

]
Overfull \hbox (194.73103pt too wide) in alignment at lines 18282--18286
[] [] [] [] [] [] [] [] [] []
 []


Overfull \hbox (194.73103pt too wide) in alignment at lines 18286--18290
[] [] [] [] [] [] [] [] [] []
 []


Overfull \hbox (194.73103pt too wide) in alignment at lines 18290--18324
[] [] [] [] [] [] [] [] [] []
 []

[298

]
Overfull \hbox (194.73103pt too wide) in alignment at lines 18344--18348
[] [] [] [] [] [] [] [] [] []
 []


Overfull \hbox (194.73103pt too wide) in alignment at lines 18348--18352
[] [] [] [] [] [] [] [] [] []
 []


Overfull \hbox (194.73103pt too wide) in alignment at lines 18352--18386
[] [] [] [] [] [] [] [] [] []
 []

[299

]
Underfull \hbox (badness 10000) in alignment at lines 18402--18406
[] [] [] [] [] [] [] [] [] []
 []


Underfull \hbox (badness 10000) in alignment at lines 18406--18410
[] [] [] [] [] [] [] [] [] []
 []


Underfull \hbox (badness 10000) in alignment at lines 18410--18444
[] [] [] [] [] [] [] [] [] []
 []

[300

]
Overfull \hbox (194.73103pt too wide) in alignment at lines 18466--18470
[] [] [] [] [] [] [] [] [] []
 []


Overfull \hbox (194.73103pt too wide) in alignment at lines 18470--18474
[] [] [] [] [] [] [] [] [] []
 []


Overfull \hbox (194.73103pt too wide) in alignment at lines 18474--18508
[] [] [] [] [] [] [] [] [] []
 []

[301

]
Overfull \hbox (194.73103pt too wide) in alignment at lines 18528--18532
[] [] [] [] [] [] [] [] [] []
 []


Overfull \hbox (194.73103pt too wide) in alignment at lines 18532--18536
[] [] [] [] [] [] [] [] [] []
 []


Overfull \hbox (194.73103pt too wide) in alignment at lines 18536--18570
[] [] [] [] [] [] [] [] [] []
 []

[302

]
Overfull \hbox (194.73103pt too wide) in alignment at lines 18590--18594
[] [] [] [] [] [] [] [] [] []
 []


Overfull \hbox (194.73103pt too wide) in alignment at lines 18594--18598
[] [] [] [] [] [] [] [] [] []
 []


Overfull \hbox (194.73103pt too wide) in alignment at lines 18598--18632
[] [] [] [] [] [] [] [] [] []
 []

[303

]
Overfull \hbox (194.73103pt too wide) in alignment at lines 18652--18656
[] [] [] [] [] [] [] [] [] []
 []


Overfull \hbox (194.73103pt too wide) in alignment at lines 18656--18660
[] [] [] [] [] [] [] [] [] []
 []


Overfull \hbox (194.73103pt too wide) in alignment at lines 18660--18694
[] [] [] [] [] [] [] [] [] []
 []

[304

]
Underfull \hbox (badness 10000) in alignment at lines 18710--18714
[] [] [] [] [] [] [] [] [] []
 []


Underfull \hbox (badness 10000) in alignment at lines 18714--18718
[] [] [] [] [] [] [] [] [] []
 []


Underfull \hbox (badness 10000) in alignment at lines 18718--18752
[] [] [] [] [] [] [] [] [] []
 []

[305

]
Overfull \hbox (194.73103pt too wide) in alignment at lines 18774--18778
[] [] [] [] [] [] [] [] [] []
 []


Overfull \hbox (194.73103pt too wide) in alignment at lines 18778--18782
[] [] [] [] [] [] [] [] [] []
 []


Overfull \hbox (194.73103pt too wide) in alignment at lines 18782--18816
[] [] [] [] [] [] [] [] [] []
 []

[306

]
Overfull \hbox (194.73103pt too wide) in alignment at lines 18836--18840
[] [] [] [] [] [] [] [] [] []
 []


Overfull \hbox (194.73103pt too wide) in alignment at lines 18840--18844
[] [] [] [] [] [] [] [] [] []
 []


Overfull \hbox (194.73103pt too wide) in alignment at lines 18844--18878
[] [] [] [] [] [] [] [] [] []
 []

[307

]
Overfull \hbox (194.73103pt too wide) in alignment at lines 18898--18902
[] [] [] [] [] [] [] [] [] []
 []


Overfull \hbox (194.73103pt too wide) in alignment at lines 18902--18906
[] [] [] [] [] [] [] [] [] []
 []


Overfull \hbox (194.73103pt too wide) in alignment at lines 18906--18940
[] [] [] [] [] [] [] [] [] []
 []

[308

]
Overfull \hbox (194.73103pt too wide) in alignment at lines 18960--18964
[] [] [] [] [] [] [] [] [] []
 []


Overfull \hbox (194.73103pt too wide) in alignment at lines 18964--18968
[] [] [] [] [] [] [] [] [] []
 []


Overfull \hbox (194.73103pt too wide) in alignment at lines 18968--19002
[] [] [] [] [] [] [] [] [] []
 []

[309

]
Underfull \hbox (badness 10000) in alignment at lines 19018--19022
[] [] [] [] [] [] [] [] [] []
 []


Underfull \hbox (badness 10000) in alignment at lines 19022--19026
[] [] [] [] [] [] [] [] [] []
 []


Underfull \hbox (badness 10000) in alignment at lines 19026--19060
[] [] [] [] [] [] [] [] [] []
 []

[310

]
Overfull \hbox (194.73103pt too wide) in alignment at lines 19082--19086
[] [] [] [] [] [] [] [] [] []
 []


Overfull \hbox (194.73103pt too wide) in alignment at lines 19086--19090
[] [] [] [] [] [] [] [] [] []
 []


Overfull \hbox (194.73103pt too wide) in alignment at lines 19090--19124
[] [] [] [] [] [] [] [] [] []
 []

[311

]
Overfull \hbox (194.73103pt too wide) in alignment at lines 19144--19148
[] [] [] [] [] [] [] [] [] []
 []


Overfull \hbox (194.73103pt too wide) in alignment at lines 19148--19152
[] [] [] [] [] [] [] [] [] []
 []


Overfull \hbox (194.73103pt too wide) in alignment at lines 19152--19186
[] [] [] [] [] [] [] [] [] []
 []

[312

]
Overfull \hbox (194.73103pt too wide) in alignment at lines 19206--19210
[] [] [] [] [] [] [] [] [] []
 []


Overfull \hbox (194.73103pt too wide) in alignment at lines 19210--19214
[] [] [] [] [] [] [] [] [] []
 []


Overfull \hbox (194.73103pt too wide) in alignment at lines 19214--19248
[] [] [] [] [] [] [] [] [] []
 []

[313

]
Overfull \hbox (194.73103pt too wide) in alignment at lines 19268--19272
[] [] [] [] [] [] [] [] [] []
 []


Overfull \hbox (194.73103pt too wide) in alignment at lines 19272--19276
[] [] [] [] [] [] [] [] [] []
 []


Overfull \hbox (194.73103pt too wide) in alignment at lines 19276--19310
[] [] [] [] [] [] [] [] [] []
 []

[314

]
Underfull \hbox (badness 10000) in alignment at lines 19326--19330
[] [] [] [] [] [] [] [] [] []
 []


Underfull \hbox (badness 10000) in alignment at lines 19330--19334
[] [] [] [] [] [] [] [] [] []
 []


Underfull \hbox (badness 10000) in alignment at lines 19334--19368
[] [] [] [] [] [] [] [] [] []
 []

[315

]
Overfull \hbox (194.73103pt too wide) in alignment at lines 19389--19393
[] [] [] [] [] [] [] [] [] []
 []


Overfull \hbox (194.73103pt too wide) in alignment at lines 19393--19397
[] [] [] [] [] [] [] [] [] []
 []


Overfull \hbox (194.73103pt too wide) in alignment at lines 19397--19431
[] [] [] [] [] [] [] [] [] []
 []

[316

]
Overfull \hbox (194.73103pt too wide) in alignment at lines 19452--19456
[] [] [] [] [] [] [] [] [] []
 []


Overfull \hbox (194.73103pt too wide) in alignment at lines 19456--19460
[] [] [] [] [] [] [] [] [] []
 []


Overfull \hbox (194.73103pt too wide) in alignment at lines 19460--19494
[] [] [] [] [] [] [] [] [] []
 []

[317

]
Overfull \hbox (194.73103pt too wide) in alignment at lines 19515--19519
[] [] [] [] [] [] [] [] [] []
 []


Overfull \hbox (194.73103pt too wide) in alignment at lines 19519--19523
[] [] [] [] [] [] [] [] [] []
 []


Overfull \hbox (194.73103pt too wide) in alignment at lines 19523--19557
[] [] [] [] [] [] [] [] [] []
 []

[318

]
Overfull \hbox (194.73103pt too wide) in alignment at lines 19579--19583
[] [] [] [] [] [] [] [] [] []
 []


Overfull \hbox (194.73103pt too wide) in alignment at lines 19583--19587
[] [] [] [] [] [] [] [] [] []
 []


Overfull \hbox (194.73103pt too wide) in alignment at lines 19587--19621
[] [] [] [] [] [] [] [] [] []
 []

[319

]
Underfull \hbox (badness 10000) in alignment at lines 19639--19643
[] [] [] [] [] [] [] [] [] []
 []


Underfull \hbox (badness 10000) in alignment at lines 19643--19647
[] [] [] [] [] [] [] [] [] []
 []


Underfull \hbox (badness 10000) in alignment at lines 19647--19681
[] [] [] [] [] [] [] [] [] []
 []

[320

]
Overfull \hbox (194.73103pt too wide) in alignment at lines 19703--19707
[] [] [] [] [] [] [] [] [] []
 []


Overfull \hbox (194.73103pt too wide) in alignment at lines 19707--19711
[] [] [] [] [] [] [] [] [] []
 []


Overfull \hbox (194.73103pt too wide) in alignment at lines 19711--19745
[] [] [] [] [] [] [] [] [] []
 []

[321

]
Underfull \hbox (badness 10000) in alignment at lines 19763--19767
[] [] [] [] [] [] [] [] [] []
 []


Underfull \hbox (badness 10000) in alignment at lines 19767--19771
[] [] [] [] [] [] [] [] [] []
 []


Underfull \hbox (badness 10000) in alignment at lines 19771--19805
[] [] [] [] [] [] [] [] [] []
 []

[322

]
Overfull \hbox (194.73103pt too wide) in alignment at lines 19827--19831
[] [] [] [] [] [] [] [] [] []
 []


Overfull \hbox (194.73103pt too wide) in alignment at lines 19831--19835
[] [] [] [] [] [] [] [] [] []
 []


Overfull \hbox (194.73103pt too wide) in alignment at lines 19835--19869
[] [] [] [] [] [] [] [] [] []
 []

[323

]
Overfull \hbox (194.73103pt too wide) in alignment at lines 19889--19893
[] [] [] [] [] [] [] [] [] []
 []


Overfull \hbox (194.73103pt too wide) in alignment at lines 19893--19897
[] [] [] [] [] [] [] [] [] []
 []


Overfull \hbox (194.73103pt too wide) in alignment at lines 19897--19931
[] [] [] [] [] [] [] [] [] []
 []

[324

]
Underfull \hbox (badness 10000) in alignment at lines 19949--19953
[] [] [] [] [] [] [] [] [] []
 []


Underfull \hbox (badness 10000) in alignment at lines 19953--19957
[] [] [] [] [] [] [] [] [] []
 []


Underfull \hbox (badness 10000) in alignment at lines 19957--19991
[] [] [] [] [] [] [] [] [] []
 []

[325

]
Overfull \hbox (194.73103pt too wide) in alignment at lines 20013--20017
[] [] [] [] [] [] [] [] [] []
 []


Overfull \hbox (194.73103pt too wide) in alignment at lines 20017--20021
[] [] [] [] [] [] [] [] [] []
 []


Overfull \hbox (194.73103pt too wide) in alignment at lines 20021--20055
[] [] [] [] [] [] [] [] [] []
 []

[326

]
Overfull \hbox (194.73103pt too wide) in alignment at lines 20075--20079
[] [] [] [] [] [] [] [] [] []
 []


Overfull \hbox (194.73103pt too wide) in alignment at lines 20079--20083
[] [] [] [] [] [] [] [] [] []
 []


Overfull \hbox (194.73103pt too wide) in alignment at lines 20083--20117
[] [] [] [] [] [] [] [] [] []
 []

[327

]
Underfull \hbox (badness 10000) in alignment at lines 20135--20139
[] [] [] [] [] [] [] [] [] []
 []


Underfull \hbox (badness 10000) in alignment at lines 20139--20143
[] [] [] [] [] [] [] [] [] []
 []


Underfull \hbox (badness 10000) in alignment at lines 20143--20177
[] [] [] [] [] [] [] [] [] []
 []

[328

]
Overfull \hbox (194.73103pt too wide) in alignment at lines 20199--20203
[] [] [] [] [] [] [] [] [] []
 []


Overfull \hbox (194.73103pt too wide) in alignment at lines 20203--20207
[] [] [] [] [] [] [] [] [] []
 []


Overfull \hbox (194.73103pt too wide) in alignment at lines 20207--20241
[] [] [] [] [] [] [] [] [] []
 []

[329

]
Overfull \hbox (194.73103pt too wide) in alignment at lines 20261--20265
[] [] [] [] [] [] [] [] [] []
 []


Overfull \hbox (194.73103pt too wide) in alignment at lines 20265--20269
[] [] [] [] [] [] [] [] [] []
 []


Overfull \hbox (194.73103pt too wide) in alignment at lines 20269--20303
[] [] [] [] [] [] [] [] [] []
 []

[330

]
Underfull \hbox (badness 10000) in alignment at lines 20319--20323
[] [] [] [] [] [] [] [] [] []
 []


Underfull \hbox (badness 10000) in alignment at lines 20323--20327
[] [] [] [] [] [] [] [] [] []
 []


Underfull \hbox (badness 10000) in alignment at lines 20327--20361
[] [] [] [] [] [] [] [] [] []
 []

[331

]
Overfull \hbox (194.73103pt too wide) in alignment at lines 20383--20387
[] [] [] [] [] [] [] [] [] []
 []


Overfull \hbox (194.73103pt too wide) in alignment at lines 20387--20391
[] [] [] [] [] [] [] [] [] []
 []


Overfull \hbox (194.73103pt too wide) in alignment at lines 20391--20425
[] [] [] [] [] [] [] [] [] []
 []

[332

]
Overfull \hbox (194.73103pt too wide) in alignment at lines 20445--20449
[] [] [] [] [] [] [] [] [] []
 []


Overfull \hbox (194.73103pt too wide) in alignment at lines 20449--20453
[] [] [] [] [] [] [] [] [] []
 []


Overfull \hbox (194.73103pt too wide) in alignment at lines 20453--20487
[] [] [] [] [] [] [] [] [] []
 []

[333

]
Underfull \hbox (badness 10000) in alignment at lines 20503--20507
[] [] [] [] [] [] [] [] [] []
 []


Underfull \hbox (badness 10000) in alignment at lines 20507--20511
[] [] [] [] [] [] [] [] [] []
 []


Underfull \hbox (badness 10000) in alignment at lines 20511--20545
[] [] [] [] [] [] [] [] [] []
 []

[334

]
Overfull \hbox (194.73103pt too wide) in alignment at lines 20567--20571
[] [] [] [] [] [] [] [] [] []
 []


Overfull \hbox (194.73103pt too wide) in alignment at lines 20571--20575
[] [] [] [] [] [] [] [] [] []
 []


Overfull \hbox (194.73103pt too wide) in alignment at lines 20575--20609
[] [] [] [] [] [] [] [] [] []
 []

[335

]
Underfull \hbox (badness 10000) in alignment at lines 20627--20631
[] [] [] [] [] [] [] [] [] []
 []


Underfull \hbox (badness 10000) in alignment at lines 20631--20635
[] [] [] [] [] [] [] [] [] []
 []


Underfull \hbox (badness 10000) in alignment at lines 20635--20669
[] [] [] [] [] [] [] [] [] []
 []

[336

]
Overfull \hbox (194.73103pt too wide) in alignment at lines 20691--20695
[] [] [] [] [] [] [] [] [] []
 []


Overfull \hbox (194.73103pt too wide) in alignment at lines 20695--20699
[] [] [] [] [] [] [] [] [] []
 []


Overfull \hbox (194.73103pt too wide) in alignment at lines 20699--20733
[] [] [] [] [] [] [] [] [] []
 []

[337

]
Underfull \hbox (badness 10000) in alignment at lines 20751--20755
[] [] [] [] [] [] [] [] [] []
 []


Underfull \hbox (badness 10000) in alignment at lines 20755--20759
[] [] [] [] [] [] [] [] [] []
 []


Underfull \hbox (badness 10000) in alignment at lines 20759--20793
[] [] [] [] [] [] [] [] [] []
 []

[338

]
Overfull \hbox (194.73103pt too wide) in alignment at lines 20815--20819
[] [] [] [] [] [] [] [] [] []
 []


Overfull \hbox (194.73103pt too wide) in alignment at lines 20819--20823
[] [] [] [] [] [] [] [] [] []
 []


Overfull \hbox (194.73103pt too wide) in alignment at lines 20823--20857
[] [] [] [] [] [] [] [] [] []
 []

[339

]
Overfull \hbox (194.73103pt too wide) in alignment at lines 20877--20881
[] [] [] [] [] [] [] [] [] []
 []


Overfull \hbox (194.73103pt too wide) in alignment at lines 20881--20885
[] [] [] [] [] [] [] [] [] []
 []


Overfull \hbox (194.73103pt too wide) in alignment at lines 20885--20919
[] [] [] [] [] [] [] [] [] []
 []

[340

]
Underfull \hbox (badness 10000) in alignment at lines 20937--20941
[] [] [] [] [] [] [] [] [] []
 []


Underfull \hbox (badness 10000) in alignment at lines 20941--20945
[] [] [] [] [] [] [] [] [] []
 []


Underfull \hbox (badness 10000) in alignment at lines 20945--20979
[] [] [] [] [] [] [] [] [] []
 []

[341

]
Overfull \hbox (194.73103pt too wide) in alignment at lines 21001--21005
[] [] [] [] [] [] [] [] [] []
 []


Overfull \hbox (194.73103pt too wide) in alignment at lines 21005--21009
[] [] [] [] [] [] [] [] [] []
 []


Overfull \hbox (194.73103pt too wide) in alignment at lines 21009--21043
[] [] [] [] [] [] [] [] [] []
 []

[342

]
Overfull \hbox (194.73103pt too wide) in alignment at lines 21063--21067
[] [] [] [] [] [] [] [] [] []
 []


Overfull \hbox (194.73103pt too wide) in alignment at lines 21067--21071
[] [] [] [] [] [] [] [] [] []
 []


Overfull \hbox (194.73103pt too wide) in alignment at lines 21071--21105
[] [] [] [] [] [] [] [] [] []
 []

[343

]
Underfull \hbox (badness 10000) in alignment at lines 21123--21127
[] [] [] [] [] [] [] [] [] []
 []


Underfull \hbox (badness 10000) in alignment at lines 21127--21131
[] [] [] [] [] [] [] [] [] []
 []


Underfull \hbox (badness 10000) in alignment at lines 21131--21165
[] [] [] [] [] [] [] [] [] []
 []

[344

]
Overfull \hbox (194.73103pt too wide) in alignment at lines 21187--21191
[] [] [] [] [] [] [] [] [] []
 []


Overfull \hbox (194.73103pt too wide) in alignment at lines 21191--21195
[] [] [] [] [] [] [] [] [] []
 []


Overfull \hbox (194.73103pt too wide) in alignment at lines 21195--21229
[] [] [] [] [] [] [] [] [] []
 []

[345

]
Overfull \hbox (194.73103pt too wide) in alignment at lines 21249--21253
[] [] [] [] [] [] [] [] [] []
 []


Overfull \hbox (194.73103pt too wide) in alignment at lines 21253--21257
[] [] [] [] [] [] [] [] [] []
 []


Overfull \hbox (194.73103pt too wide) in alignment at lines 21257--21291
[] [] [] [] [] [] [] [] [] []
 []

[346

]
Underfull \hbox (badness 10000) in alignment at lines 21307--21311
[] [] [] [] [] [] [] [] [] []
 []


Underfull \hbox (badness 10000) in alignment at lines 21311--21315
[] [] [] [] [] [] [] [] [] []
 []


Underfull \hbox (badness 10000) in alignment at lines 21315--21349
[] [] [] [] [] [] [] [] [] []
 []

[347

]
Overfull \hbox (194.73103pt too wide) in alignment at lines 21371--21375
[] [] [] [] [] [] [] [] [] []
 []


Overfull \hbox (194.73103pt too wide) in alignment at lines 21375--21379
[] [] [] [] [] [] [] [] [] []
 []


Overfull \hbox (194.73103pt too wide) in alignment at lines 21379--21413
[] [] [] [] [] [] [] [] [] []
 []

[348

]
Overfull \hbox (194.73103pt too wide) in alignment at lines 21433--21437
[] [] [] [] [] [] [] [] [] []
 []


Overfull \hbox (194.73103pt too wide) in alignment at lines 21437--21441
[] [] [] [] [] [] [] [] [] []
 []


Overfull \hbox (194.73103pt too wide) in alignment at lines 21441--21475
[] [] [] [] [] [] [] [] [] []
 []

[349

]
Underfull \hbox (badness 10000) in alignment at lines 21491--21495
[] [] [] [] [] [] [] [] [] []
 []


Underfull \hbox (badness 10000) in alignment at lines 21495--21499
[] [] [] [] [] [] [] [] [] []
 []


Underfull \hbox (badness 10000) in alignment at lines 21499--21533
[] [] [] [] [] [] [] [] [] []
 []

[350

]
Overfull \hbox (194.73103pt too wide) in alignment at lines 21555--21559
[] [] [] [] [] [] [] [] [] []
 []


Overfull \hbox (194.73103pt too wide) in alignment at lines 21559--21563
[] [] [] [] [] [] [] [] [] []
 []


Overfull \hbox (194.73103pt too wide) in alignment at lines 21563--21597
[] [] [] [] [] [] [] [] [] []
 []

[351

]
Overfull \hbox (194.73103pt too wide) in alignment at lines 21617--21621
[] [] [] [] [] [] [] [] [] []
 []


Overfull \hbox (194.73103pt too wide) in alignment at lines 21621--21625
[] [] [] [] [] [] [] [] [] []
 []


Overfull \hbox (194.73103pt too wide) in alignment at lines 21625--21659
[] [] [] [] [] [] [] [] [] []
 []

[352

]
Overfull \hbox (194.73103pt too wide) in alignment at lines 21681--21685
[] [] [] [] [] [] [] [] [] []
 []


Overfull \hbox (194.73103pt too wide) in alignment at lines 21685--21689
[] [] [] [] [] [] [] [] [] []
 []


Overfull \hbox (194.73103pt too wide) in alignment at lines 21689--21723
[] [] [] [] [] [] [] [] [] []
 []

[353

]
Overfull \hbox (194.73103pt too wide) in alignment at lines 21743--21747
[] [] [] [] [] [] [] [] [] []
 []


Overfull \hbox (194.73103pt too wide) in alignment at lines 21747--21751
[] [] [] [] [] [] [] [] [] []
 []


Overfull \hbox (194.73103pt too wide) in alignment at lines 21751--21785
[] [] [] [] [] [] [] [] [] []
 []

[354

]
Overfull \hbox (194.73103pt too wide) in alignment at lines 21807--21811
[] [] [] [] [] [] [] [] [] []
 []


Overfull \hbox (194.73103pt too wide) in alignment at lines 21811--21815
[] [] [] [] [] [] [] [] [] []
 []


Overfull \hbox (194.73103pt too wide) in alignment at lines 21815--21849
[] [] [] [] [] [] [] [] [] []
 []

[355

]
Overfull \hbox (194.73103pt too wide) in alignment at lines 21869--21873
[] [] [] [] [] [] [] [] [] []
 []


Overfull \hbox (194.73103pt too wide) in alignment at lines 21873--21877
[] [] [] [] [] [] [] [] [] []
 []


Overfull \hbox (194.73103pt too wide) in alignment at lines 21877--21911
[] [] [] [] [] [] [] [] [] []
 []

[356

]
Underfull \hbox (badness 10000) in alignment at lines 21929--21933
[] [] [] [] [] [] [] [] [] []
 []


Underfull \hbox (badness 10000) in alignment at lines 21933--21937
[] [] [] [] [] [] [] [] [] []
 []


Underfull \hbox (badness 10000) in alignment at lines 21937--21971
[] [] [] [] [] [] [] [] [] []
 []

[357

]
Overfull \hbox (194.73103pt too wide) in alignment at lines 21993--21997
[] [] [] [] [] [] [] [] [] []
 []


Overfull \hbox (194.73103pt too wide) in alignment at lines 21997--22001
[] [] [] [] [] [] [] [] [] []
 []


Overfull \hbox (194.73103pt too wide) in alignment at lines 22001--22035
[] [] [] [] [] [] [] [] [] []
 []

[358

]
Overfull \hbox (194.73103pt too wide) in alignment at lines 22055--22059
[] [] [] [] [] [] [] [] [] []
 []


Overfull \hbox (194.73103pt too wide) in alignment at lines 22059--22063
[] [] [] [] [] [] [] [] [] []
 []


Overfull \hbox (194.73103pt too wide) in alignment at lines 22063--22097
[] [] [] [] [] [] [] [] [] []
 []

[359

]
Underfull \hbox (badness 10000) in alignment at lines 22115--22119
[] [] [] [] [] [] [] [] [] []
 []


Underfull \hbox (badness 10000) in alignment at lines 22119--22123
[] [] [] [] [] [] [] [] [] []
 []


Underfull \hbox (badness 10000) in alignment at lines 22123--22157
[] [] [] [] [] [] [] [] [] []
 []

[360

]
Overfull \hbox (194.73103pt too wide) in alignment at lines 22179--22183
[] [] [] [] [] [] [] [] [] []
 []


Overfull \hbox (194.73103pt too wide) in alignment at lines 22183--22187
[] [] [] [] [] [] [] [] [] []
 []


Overfull \hbox (194.73103pt too wide) in alignment at lines 22187--22221
[] [] [] [] [] [] [] [] [] []
 []

[361

]
Overfull \hbox (194.73103pt too wide) in alignment at lines 22241--22245
[] [] [] [] [] [] [] [] [] []
 []


Overfull \hbox (194.73103pt too wide) in alignment at lines 22245--22249
[] [] [] [] [] [] [] [] [] []
 []


Overfull \hbox (194.73103pt too wide) in alignment at lines 22249--22283
[] [] [] [] [] [] [] [] [] []
 []

[362

]
Overfull \hbox (194.73103pt too wide) in alignment at lines 22305--22309
[] [] [] [] [] [] [] [] [] []
 []


Overfull \hbox (194.73103pt too wide) in alignment at lines 22309--22313
[] [] [] [] [] [] [] [] [] []
 []


Overfull \hbox (194.73103pt too wide) in alignment at lines 22313--22347
[] [] [] [] [] [] [] [] [] []
 []

[363

]
Overfull \hbox (194.73103pt too wide) in alignment at lines 22367--22371
[] [] [] [] [] [] [] [] [] []
 []


Overfull \hbox (194.73103pt too wide) in alignment at lines 22371--22375
[] [] [] [] [] [] [] [] [] []
 []


Overfull \hbox (194.73103pt too wide) in alignment at lines 22375--22409
[] [] [] [] [] [] [] [] [] []
 []

[364

]
Overfull \hbox (194.73103pt too wide) in alignment at lines 22431--22435
[] [] [] [] [] [] [] [] [] []
 []


Overfull \hbox (194.73103pt too wide) in alignment at lines 22435--22439
[] [] [] [] [] [] [] [] [] []
 []


Overfull \hbox (194.73103pt too wide) in alignment at lines 22439--22473
[] [] [] [] [] [] [] [] [] []
 []

[365

]
Overfull \hbox (194.73103pt too wide) in alignment at lines 22493--22497
[] [] [] [] [] [] [] [] [] []
 []


Overfull \hbox (194.73103pt too wide) in alignment at lines 22497--22501
[] [] [] [] [] [] [] [] [] []
 []


Overfull \hbox (194.73103pt too wide) in alignment at lines 22501--22535
[] [] [] [] [] [] [] [] [] []
 []

[366

]
Underfull \hbox (badness 10000) in alignment at lines 22551--22555
[] [] [] [] [] [] [] [] [] []
 []


Underfull \hbox (badness 10000) in alignment at lines 22555--22559
[] [] [] [] [] [] [] [] [] []
 []


Underfull \hbox (badness 10000) in alignment at lines 22559--22593
[] [] [] [] [] [] [] [] [] []
 []

[367

]
Overfull \hbox (194.73103pt too wide) in alignment at lines 22615--22619
[] [] [] [] [] [] [] [] [] []
 []


Overfull \hbox (194.73103pt too wide) in alignment at lines 22619--22623
[] [] [] [] [] [] [] [] [] []
 []


Overfull \hbox (194.73103pt too wide) in alignment at lines 22623--22657
[] [] [] [] [] [] [] [] [] []
 []

[368

]
Overfull \hbox (194.73103pt too wide) in alignment at lines 22677--22681
[] [] [] [] [] [] [] [] [] []
 []


Overfull \hbox (194.73103pt too wide) in alignment at lines 22681--22685
[] [] [] [] [] [] [] [] [] []
 []


Overfull \hbox (194.73103pt too wide) in alignment at lines 22685--22719
[] [] [] [] [] [] [] [] [] []
 []

[369

]
Underfull \hbox (badness 10000) in alignment at lines 22735--22739
[] [] [] [] [] [] [] [] [] []
 []


Underfull \hbox (badness 10000) in alignment at lines 22739--22743
[] [] [] [] [] [] [] [] [] []
 []


Underfull \hbox (badness 10000) in alignment at lines 22743--22777
[] [] [] [] [] [] [] [] [] []
 []

[370

]
Overfull \hbox (194.73103pt too wide) in alignment at lines 22799--22803
[] [] [] [] [] [] [] [] [] []
 []


Overfull \hbox (194.73103pt too wide) in alignment at lines 22803--22807
[] [] [] [] [] [] [] [] [] []
 []


Overfull \hbox (194.73103pt too wide) in alignment at lines 22807--22841
[] [] [] [] [] [] [] [] [] []
 []

[371

]
Overfull \hbox (194.73103pt too wide) in alignment at lines 22861--22865
[] [] [] [] [] [] [] [] [] []
 []


Overfull \hbox (194.73103pt too wide) in alignment at lines 22865--22869
[] [] [] [] [] [] [] [] [] []
 []


Overfull \hbox (194.73103pt too wide) in alignment at lines 22869--22903
[] [] [] [] [] [] [] [] [] []
 []

[372

]
Overfull \hbox (194.73103pt too wide) in alignment at lines 22925--22929
[] [] [] [] [] [] [] [] [] []
 []


Overfull \hbox (194.73103pt too wide) in alignment at lines 22929--22933
[] [] [] [] [] [] [] [] [] []
 []


Overfull \hbox (194.73103pt too wide) in alignment at lines 22933--22967
[] [] [] [] [] [] [] [] [] []
 []

[373

]
Overfull \hbox (194.73103pt too wide) in alignment at lines 22987--22991
[] [] [] [] [] [] [] [] [] []
 []


Overfull \hbox (194.73103pt too wide) in alignment at lines 22991--22995
[] [] [] [] [] [] [] [] [] []
 []


Overfull \hbox (194.73103pt too wide) in alignment at lines 22995--23029
[] [] [] [] [] [] [] [] [] []
 []

[374

]
Underfull \hbox (badness 10000) in alignment at lines 23047--23051
[] [] [] [] [] [] [] [] [] []
 []


Underfull \hbox (badness 10000) in alignment at lines 23051--23055
[] [] [] [] [] [] [] [] [] []
 []


Underfull \hbox (badness 10000) in alignment at lines 23055--23089
[] [] [] [] [] [] [] [] [] []
 []

[375

]
Overfull \hbox (194.73103pt too wide) in alignment at lines 23111--23115
[] [] [] [] [] [] [] [] [] []
 []


Overfull \hbox (194.73103pt too wide) in alignment at lines 23115--23119
[] [] [] [] [] [] [] [] [] []
 []


Overfull \hbox (194.73103pt too wide) in alignment at lines 23119--23153
[] [] [] [] [] [] [] [] [] []
 []

[376

]
Overfull \hbox (194.73103pt too wide) in alignment at lines 23173--23177
[] [] [] [] [] [] [] [] [] []
 []


Overfull \hbox (194.73103pt too wide) in alignment at lines 23177--23181
[] [] [] [] [] [] [] [] [] []
 []


Overfull \hbox (194.73103pt too wide) in alignment at lines 23181--23215
[] [] [] [] [] [] [] [] [] []
 []

[377

]
Underfull \hbox (badness 10000) in alignment at lines 23233--23237
[] [] [] [] [] [] [] [] [] []
 []


Underfull \hbox (badness 10000) in alignment at lines 23237--23241
[] [] [] [] [] [] [] [] [] []
 []


Underfull \hbox (badness 10000) in alignment at lines 23241--23275
[] [] [] [] [] [] [] [] [] []
 []

[378

]
Overfull \hbox (194.73103pt too wide) in alignment at lines 23297--23301
[] [] [] [] [] [] [] [] [] []
 []


Overfull \hbox (194.73103pt too wide) in alignment at lines 23301--23305
[] [] [] [] [] [] [] [] [] []
 []


Overfull \hbox (194.73103pt too wide) in alignment at lines 23305--23339
[] [] [] [] [] [] [] [] [] []
 []

[379

]
Overfull \hbox (194.73103pt too wide) in alignment at lines 23359--23363
[] [] [] [] [] [] [] [] [] []
 []


Overfull \hbox (194.73103pt too wide) in alignment at lines 23363--23367
[] [] [] [] [] [] [] [] [] []
 []


Overfull \hbox (194.73103pt too wide) in alignment at lines 23367--23401
[] [] [] [] [] [] [] [] [] []
 []

[380

]
Overfull \hbox (194.73103pt too wide) in alignment at lines 23423--23427
[] [] [] [] [] [] [] [] [] []
 []


Overfull \hbox (194.73103pt too wide) in alignment at lines 23427--23431
[] [] [] [] [] [] [] [] [] []
 []


Overfull \hbox (194.73103pt too wide) in alignment at lines 23431--23465
[] [] [] [] [] [] [] [] [] []
 []

[381

]
Overfull \hbox (194.73103pt too wide) in alignment at lines 23485--23489
[] [] [] [] [] [] [] [] [] []
 []


Overfull \hbox (194.73103pt too wide) in alignment at lines 23489--23493
[] [] [] [] [] [] [] [] [] []
 []


Overfull \hbox (194.73103pt too wide) in alignment at lines 23493--23527
[] [] [] [] [] [] [] [] [] []
 []

[382

]
Overfull \hbox (194.73103pt too wide) in alignment at lines 23549--23553
[] [] [] [] [] [] [] [] [] []
 []


Overfull \hbox (194.73103pt too wide) in alignment at lines 23553--23557
[] [] [] [] [] [] [] [] [] []
 []


Overfull \hbox (194.73103pt too wide) in alignment at lines 23557--23591
[] [] [] [] [] [] [] [] [] []
 []

[383

]
Overfull \hbox (194.73103pt too wide) in alignment at lines 23611--23615
[] [] [] [] [] [] [] [] [] []
 []


Overfull \hbox (194.73103pt too wide) in alignment at lines 23615--23619
[] [] [] [] [] [] [] [] [] []
 []


Overfull \hbox (194.73103pt too wide) in alignment at lines 23619--23653
[] [] [] [] [] [] [] [] [] []
 []

[384

]
Underfull \hbox (badness 10000) in alignment at lines 23669--23673
[] [] [] [] [] [] [] [] [] []
 []


Underfull \hbox (badness 10000) in alignment at lines 23673--23677
[] [] [] [] [] [] [] [] [] []
 []


Underfull \hbox (badness 10000) in alignment at lines 23677--23711
[] [] [] [] [] [] [] [] [] []
 []

[385

]
Overfull \hbox (194.73103pt too wide) in alignment at lines 23733--23737
[] [] [] [] [] [] [] [] [] []
 []


Overfull \hbox (194.73103pt too wide) in alignment at lines 23737--23741
[] [] [] [] [] [] [] [] [] []
 []


Overfull \hbox (194.73103pt too wide) in alignment at lines 23741--23775
[] [] [] [] [] [] [] [] [] []
 []

[386

]
Overfull \hbox (194.73103pt too wide) in alignment at lines 23795--23799
[] [] [] [] [] [] [] [] [] []
 []


Overfull \hbox (194.73103pt too wide) in alignment at lines 23799--23803
[] [] [] [] [] [] [] [] [] []
 []


Overfull \hbox (194.73103pt too wide) in alignment at lines 23803--23837
[] [] [] [] [] [] [] [] [] []
 []

[387

]
Underfull \hbox (badness 10000) in alignment at lines 23853--23857
[] [] [] [] [] [] [] [] [] []
 []


Underfull \hbox (badness 10000) in alignment at lines 23857--23861
[] [] [] [] [] [] [] [] [] []
 []


Underfull \hbox (badness 10000) in alignment at lines 23861--23895
[] [] [] [] [] [] [] [] [] []
 []

[388

]
Overfull \hbox (194.73103pt too wide) in alignment at lines 23917--23921
[] [] [] [] [] [] [] [] [] []
 []


Overfull \hbox (194.73103pt too wide) in alignment at lines 23921--23925
[] [] [] [] [] [] [] [] [] []
 []


Overfull \hbox (194.73103pt too wide) in alignment at lines 23925--23959
[] [] [] [] [] [] [] [] [] []
 []

[389

]
Overfull \hbox (194.73103pt too wide) in alignment at lines 23979--23983
[] [] [] [] [] [] [] [] [] []
 []


Overfull \hbox (194.73103pt too wide) in alignment at lines 23983--23987
[] [] [] [] [] [] [] [] [] []
 []


Overfull \hbox (194.73103pt too wide) in alignment at lines 23987--24021
[] [] [] [] [] [] [] [] [] []
 []

[390

]
Overfull \hbox (194.73103pt too wide) in alignment at lines 24043--24047
[] [] [] [] [] [] [] [] [] []
 []


Overfull \hbox (194.73103pt too wide) in alignment at lines 24047--24051
[] [] [] [] [] [] [] [] [] []
 []


Overfull \hbox (194.73103pt too wide) in alignment at lines 24051--24085
[] [] [] [] [] [] [] [] [] []
 []

[391

]
Overfull \hbox (194.73103pt too wide) in alignment at lines 24105--24109
[] [] [] [] [] [] [] [] [] []
 []


Overfull \hbox (194.73103pt too wide) in alignment at lines 24109--24113
[] [] [] [] [] [] [] [] [] []
 []


Overfull \hbox (194.73103pt too wide) in alignment at lines 24113--24147
[] [] [] [] [] [] [] [] [] []
 []

[392

]
Overfull \hbox (194.73103pt too wide) in alignment at lines 24169--24173
[] [] [] [] [] [] [] [] [] []
 []


Overfull \hbox (194.73103pt too wide) in alignment at lines 24173--24177
[] [] [] [] [] [] [] [] [] []
 []


Overfull \hbox (194.73103pt too wide) in alignment at lines 24177--24211
[] [] [] [] [] [] [] [] [] []
 []

[393

]
Underfull \hbox (badness 10000) in alignment at lines 24229--24233
[] [] [] [] [] [] [] [] [] []
 []


Underfull \hbox (badness 10000) in alignment at lines 24233--24237
[] [] [] [] [] [] [] [] [] []
 []


Underfull \hbox (badness 10000) in alignment at lines 24237--24271
[] [] [] [] [] [] [] [] [] []
 []

[394

]
Overfull \hbox (194.73103pt too wide) in alignment at lines 24293--24297
[] [] [] [] [] [] [] [] [] []
 []


Overfull \hbox (194.73103pt too wide) in alignment at lines 24297--24301
[] [] [] [] [] [] [] [] [] []
 []


Overfull \hbox (194.73103pt too wide) in alignment at lines 24301--24335
[] [] [] [] [] [] [] [] [] []
 []

[395

]
Underfull \hbox (badness 10000) in alignment at lines 24353--24357
[] [] [] [] [] [] [] [] [] []
 []


Underfull \hbox (badness 10000) in alignment at lines 24357--24361
[] [] [] [] [] [] [] [] [] []
 []


Underfull \hbox (badness 10000) in alignment at lines 24361--24395
[] [] [] [] [] [] [] [] [] []
 []

[396

]
Overfull \hbox (194.73103pt too wide) in alignment at lines 24417--24421
[] [] [] [] [] [] [] [] [] []
 []


Overfull \hbox (194.73103pt too wide) in alignment at lines 24421--24425
[] [] [] [] [] [] [] [] [] []
 []


Overfull \hbox (194.73103pt too wide) in alignment at lines 24425--24459
[] [] [] [] [] [] [] [] [] []
 []

[397

]
Overfull \hbox (194.73103pt too wide) in alignment at lines 24479--24483
[] [] [] [] [] [] [] [] [] []
 []


Overfull \hbox (194.73103pt too wide) in alignment at lines 24483--24487
[] [] [] [] [] [] [] [] [] []
 []


Overfull \hbox (194.73103pt too wide) in alignment at lines 24487--24521
[] [] [] [] [] [] [] [] [] []
 []

[398

]
Overfull \hbox (194.73103pt too wide) in alignment at lines 24543--24547
[] [] [] [] [] [] [] [] [] []
 []


Overfull \hbox (194.73103pt too wide) in alignment at lines 24547--24551
[] [] [] [] [] [] [] [] [] []
 []


Overfull \hbox (194.73103pt too wide) in alignment at lines 24551--24585
[] [] [] [] [] [] [] [] [] []
 []

[399

]
Overfull \hbox (194.73103pt too wide) in alignment at lines 24605--24609
[] [] [] [] [] [] [] [] [] []
 []


Overfull \hbox (194.73103pt too wide) in alignment at lines 24609--24613
[] [] [] [] [] [] [] [] [] []
 []


Overfull \hbox (194.73103pt too wide) in alignment at lines 24613--24647
[] [] [] [] [] [] [] [] [] []
 []

[400

]
Overfull \hbox (194.73103pt too wide) in alignment at lines 24669--24673
[] [] [] [] [] [] [] [] [] []
 []


Overfull \hbox (194.73103pt too wide) in alignment at lines 24673--24677
[] [] [] [] [] [] [] [] [] []
 []


Overfull \hbox (194.73103pt too wide) in alignment at lines 24677--24711
[] [] [] [] [] [] [] [] [] []
 []

[401

]
Overfull \hbox (194.73103pt too wide) in alignment at lines 24731--24735
[] [] [] [] [] [] [] [] [] []
 []


Overfull \hbox (194.73103pt too wide) in alignment at lines 24735--24739
[] [] [] [] [] [] [] [] [] []
 []


Overfull \hbox (194.73103pt too wide) in alignment at lines 24739--24773
[] [] [] [] [] [] [] [] [] []
 []

[402

]
Overfull \hbox (194.73103pt too wide) in alignment at lines 24795--24799
[] [] [] [] [] [] [] [] [] []
 []


Overfull \hbox (194.73103pt too wide) in alignment at lines 24799--24803
[] [] [] [] [] [] [] [] [] []
 []


Overfull \hbox (194.73103pt too wide) in alignment at lines 24803--24837
[] [] [] [] [] [] [] [] [] []
 []

[403

]
Underfull \hbox (badness 10000) in alignment at lines 24855--24859
[] [] [] [] [] [] [] [] [] []
 []


Underfull \hbox (badness 10000) in alignment at lines 24859--24863
[] [] [] [] [] [] [] [] [] []
 []


Underfull \hbox (badness 10000) in alignment at lines 24863--24897
[] [] [] [] [] [] [] [] [] []
 []

[404

]
Overfull \hbox (194.73103pt too wide) in alignment at lines 24919--24923
[] [] [] [] [] [] [] [] [] []
 []


Overfull \hbox (194.73103pt too wide) in alignment at lines 24923--24927
[] [] [] [] [] [] [] [] [] []
 []


Overfull \hbox (194.73103pt too wide) in alignment at lines 24927--24961
[] [] [] [] [] [] [] [] [] []
 []

[405

]
Underfull \hbox (badness 10000) in alignment at lines 24979--24983
[] [] [] [] [] [] [] [] [] []
 []


Underfull \hbox (badness 10000) in alignment at lines 24983--24987
[] [] [] [] [] [] [] [] [] []
 []


Underfull \hbox (badness 10000) in alignment at lines 24987--25021
[] [] [] [] [] [] [] [] [] []
 []

[406

]
Overfull \hbox (194.73103pt too wide) in alignment at lines 25043--25047
[] [] [] [] [] [] [] [] [] []
 []


Overfull \hbox (194.73103pt too wide) in alignment at lines 25047--25051
[] [] [] [] [] [] [] [] [] []
 []


Overfull \hbox (194.73103pt too wide) in alignment at lines 25051--25085
[] [] [] [] [] [] [] [] [] []
 []

[407

]
Overfull \hbox (194.73103pt too wide) in alignment at lines 25105--25109
[] [] [] [] [] [] [] [] [] []
 []


Overfull \hbox (194.73103pt too wide) in alignment at lines 25109--25113
[] [] [] [] [] [] [] [] [] []
 []


Overfull \hbox (194.73103pt too wide) in alignment at lines 25113--25147
[] [] [] [] [] [] [] [] [] []
 []

[408

]
Overfull \hbox (194.73103pt too wide) in alignment at lines 25169--25173
[] [] [] [] [] [] [] [] [] []
 []


Overfull \hbox (194.73103pt too wide) in alignment at lines 25173--25177
[] [] [] [] [] [] [] [] [] []
 []


Overfull \hbox (194.73103pt too wide) in alignment at lines 25177--25211
[] [] [] [] [] [] [] [] [] []
 []

[409

]
Overfull \hbox (194.73103pt too wide) in alignment at lines 25231--25235
[] [] [] [] [] [] [] [] [] []
 []


Overfull \hbox (194.73103pt too wide) in alignment at lines 25235--25239
[] [] [] [] [] [] [] [] [] []
 []


Overfull \hbox (194.73103pt too wide) in alignment at lines 25239--25273
[] [] [] [] [] [] [] [] [] []
 []

[410

] (./EFT_1_after_F.aux)
 ***********
LaTeX2e <2023-11-01> patch level 1
L3 programming layer <2024-03-14>
 ***********
 ) 
Here is how much of TeX's memory you used:
 8624 strings out of 474103
 136588 string characters out of 5747481
 2006496 words of memory out of 5000000
 30814 multiletter control sequences out of 15000+600000
 569826 words of font info for 85 fonts, out of 8000000 for 9000
 1141 hyphenation exceptions out of 8191
 86i,15n,93p,1010b,481s stack positions out of 10000i,1000n,20000p,200000b,200000s
<c:/texlive/2024/texmf-dist/fonts/type1/public/amsfonts/cm/cmex10.pfb><c:/tex
live/2024/texmf-dist/fonts/type1/public/amsfonts/cmextra/cmex7.pfb><c:/texlive/
2024/texmf-dist/fonts/type1/public/amsfonts/cm/cmmi10.pfb><c:/texlive/2024/texm
f-dist/fonts/type1/public/amsfonts/cm/cmmi12.pfb><c:/texlive/2024/texmf-dist/fo
nts/type1/public/amsfonts/cm/cmmi5.pfb><c:/texlive/2024/texmf-dist/fonts/type1/
public/amsfonts/cm/cmmi7.pfb><c:/texlive/2024/texmf-dist/fonts/type1/public/ams
fonts/cm/cmr10.pfb><c:/texlive/2024/texmf-dist/fonts/type1/public/amsfonts/cm/c
mr5.pfb><c:/texlive/2024/texmf-dist/fonts/type1/public/amsfonts/cm/cmr7.pfb><c:
/texlive/2024/texmf-dist/fonts/type1/public/amsfonts/cm/cmsy10.pfb><c:/texlive/
2024/texmf-dist/fonts/type1/public/amsfonts/cm/cmsy5.pfb><c:/texlive/2024/texmf
-dist/fonts/type1/public/amsfonts/cm/cmsy7.pfb><c:/texlive/2024/texmf-dist/font
s/type1/public/cm-super/sfbx0500.pfb><c:/texlive/2024/texmf-dist/fonts/type1/pu
blic/cm-super/sfbx1000.pfb><c:/texlive/2024/texmf-dist/fonts/type1/public/cm-su
per/sfbx1200.pfb><c:/texlive/2024/texmf-dist/fonts/type1/public/cm-super/sfbx14
40.pfb><c:/texlive/2024/texmf-dist/fonts/type1/public/cm-super/sfrm0500.pfb><c:
/texlive/2024/texmf-dist/fonts/type1/public/cm-super/sfrm1000.pfb>
Output written on EFT_1_after_F.pdf (410 pages, 1295302 bytes).
PDF statistics:
 1418 PDF objects out of 1440 (max. 8388607)
 960 compressed objects within 10 object streams
 0 named destinations out of 1000 (max. 500000)
 26625 words of extra memory for PDF output out of 29859 (max. 10000000)

