scenario,model,mu_gev,beta,category,norm_16pi2_beta,dominance,cancellation_ratio
smallY_smallL,T3_dS1_1_dS2_3_dF_2_alpha_m2,10000000.0,y1,gauge,0.015821810534275147,0.9999195194489904,0.9998395723269671
smallY_smallL,T3_dS1_1_dS2_3_dF_2_alpha_m2,10000000.0,y1,yukawa,1.2734505177667638e-06,8.048055100956541e-05,0.9998395723269671
smallY_smallL,T3_dS1_1_dS2_3_dF_2_alpha_m2,10000000.0,y1,scalar,0.0,0.0,0.9998395723269671
smallY_smallL,T3_dS1_1_dS2_3_dF_2_alpha_m2,10000000.0,y1,mixed,0.0,0.0,0.9998395723269671
smallY_smallL,T3_dS1_1_dS2_3_dF_2_alpha_m2,10000000.0,y1,mass,0.0,0.0,0.9998395723269671
smallY_smallL,T3_dS1_1_dS2_3_dF_2_alpha_m2,10000000.0,y1,other,0.0,0.0,0.9998395723269671
smallY_smallL,T3_dS1_1_dS2_3_dF_2_alpha_m2,10000000.0,y2,gauge,0.0167652,0.9999396611334184,0.9998801901065048
smallY_smallL,T3_dS1_1_dS2_3_dF_2_alpha_m2,10000000.0,y2,yukawa,1.0116542080810027e-06,6.033886658153285e-05,0.9998801901065048
smallY_smallL,T3_dS1_1_dS2_3_dF_2_alpha_m2,10000000.0,y2,scalar,0.0,0.0,0.9998801901065048
smallY_smallL,T3_dS1_1_dS2_3_dF_2_alpha_m2,10000000.0,y2,mixed,0.0,0.0,0.9998801901065048
smallY_smallL,T3_dS1_1_dS2_3_dF_2_alpha_m2,10000000.0,y2,mass,0.0,0.0,0.9998801901065048
smallY_smallL,T3_dS1_1_dS2_3_dF_2_alpha_m2,10000000.0,y2,other,0.0,0.0,0.9998801901065048
smallY_smallL,T3_dS1_1_dS2_3_dF_2_alpha_m2,10000000.0,lambdaT3,gauge,0.5019450000000001,0.550555307311092,0.10111061462218397
smallY_smallL,T3_dS1_1_dS2_3_dF_2_alpha_m2,10000000.0,lambdaT3,yukawa,0.0,0.0,0.10111061462218397
smallY_smallL,T3_dS1_1_dS2_3_dF_2_alpha_m2,10000000.0,lambdaT3,scalar,0.07200000000000001,0.07897276021555871,0.10111061462218397
smallY_smallL,T3_dS1_1_dS2_3_dF_2_alpha_m2,10000000.0,lambdaT3,mixed,0.3377617683018,0.3704719324733493,0.10111061462218397
smallY_smallL,T3_dS1_1_dS2_3_dF_2_alpha_m2,10000000.0,lambdaT3,mass,0.0,0.0,0.10111061462218397
smallY_smallL,T3_dS1_1_dS2_3_dF_2_alpha_m2,10000000.0,lambdaT3,other,0.0,0.0,0.10111061462218397
smallY_smallL,T3_dS1_1_dS2_3_dF_2_alpha_m4,10000000.0,y1,gauge,0.021692561791141683,0.9999412989679518,0.999882987000737
smallY_smallL,T3_dS1_1_dS2_3_dF_2_alpha_m4,10000000.0,y1,yukawa,1.2734505177667638e-06,5.8701032048095906e-05,0.999882987000737
smallY_smallL,T3_dS1_1_dS2_3_dF_2_alpha_m4,10000000.0,y1,scalar,0.0,0.0,0.999882987000737
smallY_smallL,T3_dS1_1_dS2_3_dF_2_alpha_m4,10000000.0,y1,mixed,0.0,0.0,0.999882987000737
smallY_smallL,T3_dS1_1_dS2_3_dF_2_alpha_m4,10000000.0,y1,mass,0.0,0.0,0.999882987000737
smallY_smallL,T3_dS1_1_dS2_3_dF_2_alpha_m4,10000000.0,y1,other,0.0,0.0,0.999882987000737
smallY_smallL,T3_dS1_1_dS2_3_dF_2_alpha_m4,10000000.0,y2,gauge,0.022986,0.9999559901816164,0.9999126133357938
smallY_smallL,T3_dS1_1_dS2_3_dF_2_alpha_m4,10000000.0,y2,yukawa,1.0116542080810027e-06,4.400981838349596e-05,0.9999126133357938
smallY_smallL,T3_dS1_1_dS2_3_dF_2_alpha_m4,10000000.0,y2,scalar,0.0,0.0,0.9999126133357938
smallY_smallL,T3_dS1_1_dS2_3_dF_2_alpha_m4,10000000.0,y2,mixed,0.0,0.0,0.9999126133357938
smallY_smallL,T3_dS1_1_dS2_3_dF_2_alpha_m4,10000000.0,y2,mass,0.0,0.0,0.9999126133357938
smallY_smallL,T3_dS1_1_dS2_3_dF_2_alpha_m4,10000000.0,y2,other,0.0,0.0,0.9999126133357938
smallY_smallL,T3_dS1_1_dS2_3_dF_2_alpha_m4,10000000.0,lambdaT3,gauge,0.6574650000000001,0.6160499525758485,0.2320999051516971
smallY_smallL,T3_dS1_1_dS2_3_dF_2_alpha_m4,10000000.0,lambdaT3,yukawa,0.0,0.0,0.2320999051516971
smallY_smallL,T3_dS1_1_dS2_3_dF_2_alpha_m4,10000000.0,lambdaT3,scalar,0.07200000000000001,0.06746457467007536,0.2320999051516971
smallY_smallL,T3_dS1_1_dS2_3_dF_2_alpha_m4,10000000.0,lambdaT3,mixed,0.3377617683018,0.316485472754076,0.2320999051516971
smallY_smallL,T3_dS1_1_dS2_3_dF_2_alpha_m4,10000000.0,lambdaT3,mass,0.0,0.0,0.2320999051516971
smallY_smallL,T3_dS1_1_dS2_3_dF_2_alpha_m4,10000000.0,lambdaT3,other,0.0,0.0,0.2320999051516971
smallY_smallL,T3_dS1_1_dS2_3_dF_2_alpha_p0,10000000.0,y1,gauge,0.015821810534275147,0.9999195194489904,0.9998395723269671
smallY_smallL,T3_dS1_1_dS2_3_dF_2_alpha_p0,10000000.0,y1,yukawa,1.2734505177667638e-06,8.048055100956541e-05,0.9998395723269671
smallY_smallL,T3_dS1_1_dS2_3_dF_2_alpha_p0,10000000.0,y1,scalar,0.0,0.0,0.9998395723269671
smallY_smallL,T3_dS1_1_dS2_3_dF_2_alpha_p0,10000000.0,y1,mixed,0.0,0.0,0.9998395723269671
smallY_smallL,T3_dS1_1_dS2_3_dF_2_alpha_p0,10000000.0,y1,mass,0.0,0.0,0.9998395723269671
smallY_smallL,T3_dS1_1_dS2_3_dF_2_alpha_p0,10000000.0,y1,other,0.0,0.0,0.9998395723269671
smallY_smallL,T3_dS1_1_dS2_3_dF_2_alpha_p0,10000000.0,y2,gauge,0.0167652,0.9999396611334184,0.9998801901065048
smallY_smallL,T3_dS1_1_dS2_3_dF_2_alpha_p0,10000000.0,y2,yukawa,1.0116542080810027e-06,6.033886658153285e-05,0.9998801901065048
smallY_smallL,T3_dS1_1_dS2_3_dF_2_alpha_p0,10000000.0,y2,scalar,0.0,0.0,0.9998801901065048
smallY_smallL,T3_dS1_1_dS2_3_dF_2_alpha_p0,10000000.0,y2,mixed,0.0,0.0,0.9998801901065048
smallY_smallL,T3_dS1_1_dS2_3_dF_2_alpha_p0,10000000.0,y2,mass,0.0,0.0,0.9998801901065048
smallY_smallL,T3_dS1_1_dS2_3_dF_2_alpha_p0,10000000.0,y2,other,0.0,0.0,0.9998801901065048
smallY_smallL,T3_dS1_1_dS2_3_dF_2_alpha_p0,10000000.0,lambdaT3,gauge,0.5019450000000001,0.550555307311092,0.10111061462218397
smallY_smallL,T3_dS1_1_dS2_3_dF_2_alpha_p0,10000000.0,lambdaT3,yukawa,0.0,0.0,0.10111061462218397
smallY_smallL,T3_dS1_1_dS2_3_dF_2_alpha_p0,10000000.0,lambdaT3,scalar,0.07200000000000001,0.07897276021555871,0.10111061462218397
smallY_smallL,T3_dS1_1_dS2_3_dF_2_alpha_p0,10000000.0,lambdaT3,mixed,0.3377617683018,0.3704719324733493,0.10111061462218397
smallY_smallL,T3_dS1_1_dS2_3_dF_2_alpha_p0,10000000.0,lambdaT3,mass,0.0,0.0,0.10111061462218397
smallY_smallL,T3_dS1_1_dS2_3_dF_2_alpha_p0,10000000.0,lambdaT3,other,0.0,0.0,0.10111061462218397
smallY_smallL,T3_dS1_2_dS2_2_dF_1_alpha_m1,10000000.0,y1,gauge,0.007910905267137574,0.9998196223775523,0.9996433180026313
smallY_smallL,T3_dS1_2_dS2_2_dF_1_alpha_m1,10000000.0,y1,yukawa,1.4272077198302945e-06,0.00018037762244767344,0.9996433180026313
smallY_smallL,T3_dS1_2_dS2_2_dF_1_alpha_m1,10000000.0,y1,scalar,0.0,0.0,0.9996433180026313
smallY_smallL,T3_dS1_2_dS2_2_dF_1_alpha_m1,10000000.0,y1,mixed,0.0,0.0,0.9996433180026313
smallY_smallL,T3_dS1_2_dS2_2_dF_1_alpha_m1,10000000.0,y1,mass,0.0,0.0,0.9996433180026313
smallY_smallL,T3_dS1_2_dS2_2_dF_1_alpha_m1,10000000.0,y1,other,0.0,0.0,0.9996433180026313
smallY_smallL,T3_dS1_2_dS2_2_dF_1_alpha_m1,10000000.0,y2,gauge,0.0083826,0.9998197121257255,0.9996445590061003
smallY_smallL,T3_dS1_2_dS2_2_dF_1_alpha_m1,10000000.0,y2,yukawa,1.5115536496873841e-06,0.00018028787427445305,0.9996445590061003
smallY_smallL,T3_dS1_2_dS2_2_dF_1_alpha_m1,10000000.0,y2,scalar,0.0,0.0,0.9996445590061003
smallY_smallL,T3_dS1_2_dS2_2_dF_1_alpha_m1,10000000.0,y2,mixed,0.0,0.0,0.9996445590061003
smallY_smallL,T3_dS1_2_dS2_2_dF_1_alpha_m1,10000000.0,y2,mass,0.0,0.0,0.9996445590061003
smallY_smallL,T3_dS1_2_dS2_2_dF_1_alpha_m1,10000000.0,y2,other,0.0,0.0,0.9996445590061003
smallY_smallL,T3_dS1_2_dS2_2_dF_1_alpha_m1,10000000.0,lambdaT3,gauge,0.41913,0.505654535681487,0.011309071362974004
smallY_smallL,T3_dS1_2_dS2_2_dF_1_alpha_m1,10000000.0,lambdaT3,yukawa,0.0,0.0,0.011309071362974004
smallY_smallL,T3_dS1_2_dS2_2_dF_1_alpha_m1,10000000.0,lambdaT3,scalar,0.07200000000000001,0.08686356636143218,0.011309071362974004
smallY_smallL,T3_dS1_2_dS2_2_dF_1_alpha_m1,10000000.0,lambdaT3,mixed,0.3377560683018,0.40748189795708084,0.011309071362974004
smallY_smallL,T3_dS1_2_dS2_2_dF_1_alpha_m1,10000000.0,lambdaT3,mass,0.0,0.0,0.011309071362974004
smallY_smallL,T3_dS1_2_dS2_2_dF_1_alpha_m1,10000000.0,lambdaT3,other,0.0,0.0,0.011309071362974004
smallY_smallL,T3_dS1_2_dS2_2_dF_1_alpha_m3,10000000.0,y1,gauge,0.010846280895570841,0.9999164062289666,0.9998338530911759
smallY_smallL,T3_dS1_2_dS2_2_dF_1_alpha_m3,10000000.0,y1,yukawa,9.067573210113543e-07,8.359377103332525e-05,0.9998338530911759
smallY_smallL,T3_dS1_2_dS2_2_dF_1_alpha_m3,10000000.0,y1,scalar,0.0,0.0,0.9998338530911759
smallY_smallL,T3_dS1_2_dS2_2_dF_1_alpha_m3,10000000.0,y1,mixed,0.0,0.0,0.9998338530911759
smallY_smallL,T3_dS1_2_dS2_2_dF_1_alpha_m3,10000000.0,y1,mass,0.0,0.0,0.9998338530911759
smallY_smallL,T3_dS1_2_dS2_2_dF_1_alpha_m3,10000000.0,y1,other,0.0,0.0,0.9998338530911759
smallY_smallL,T3_dS1_2_dS2_2_dF_1_alpha_m3,10000000.0,y2,gauge,0.011493,0.9999119842367908,0.9998252344183102
smallY_smallL,T3_dS1_2_dS2_2_dF_1_alpha_m3,10000000.0,y2,yukawa,1.0116542080810027e-06,8.80157632092382e-05,0.9998252344183102
smallY_smallL,T3_dS1_2_dS2_2_dF_1_alpha_m3,10000000.0,y2,scalar,0.0,0.0,0.9998252344183102
smallY_smallL,T3_dS1_2_dS2_2_dF_1_alpha_m3,10000000.0,y2,mixed,0.0,0.0,0.9998252344183102
smallY_smallL,T3_dS1_2_dS2_2_dF_1_alpha_m3,10000000.0,y2,mass,0.0,0.0,0.9998252344183102
smallY_smallL,T3_dS1_2_dS2_2_dF_1_alpha_m3,10000000.0,y2,other,0.0,0.0,0.9998252344183102
smallY_smallL,T3_dS1_2_dS2_2_dF_1_alpha_m3,10000000.0,lambdaT3,gauge,0.49689000000000005,0.5480528922721779,0.09610578454435575
smallY_smallL,T3_dS1_2_dS2_2_dF_1_alpha_m3,10000000.0,lambdaT3,yukawa,0.0,0.0,0.09610578454435575
smallY_smallL,T3_dS1_2_dS2_2_dF_1_alpha_m3,10000000.0,lambdaT3,scalar,0.07200000000000001,0.07941356888566244,0.09610578454435575
smallY_smallL,T3_dS1_2_dS2_2_dF_1_alpha_m3,10000000.0,lambdaT3,mixed,0.3377560683018,0.3725335388421597,0.09610578454435575
smallY_smallL,T3_dS1_2_dS2_2_dF_1_alpha_m3,10000000.0,lambdaT3,mass,0.0,0.0,0.09610578454435575
smallY_smallL,T3_dS1_2_dS2_2_dF_1_alpha_m3,10000000.0,lambdaT3,other,0.0,0.0,0.09610578454435575
smallY_smallL,T3_dS1_2_dS2_2_dF_1_alpha_p1,10000000.0,y1,gauge,0.010846280895570841,0.9999164062289666,0.9998338530911759
smallY_smallL,T3_dS1_2_dS2_2_dF_1_alpha_p1,10000000.0,y1,yukawa,9.067573210113543e-07,8.359377103332525e-05,0.9998338530911759
smallY_smallL,T3_dS1_2_dS2_2_dF_1_alpha_p1,10000000.0,y1,scalar,0.0,0.0,0.9998338530911759
smallY_smallL,T3_dS1_2_dS2_2_dF_1_alpha_p1,10000000.0,y1,mixed,0.0,0.0,0.9998338530911759
smallY_smallL,T3_dS1_2_dS2_2_dF_1_alpha_p1,10000000.0,y1,mass,0.0,0.0,0.9998338530911759
smallY_smallL,T3_dS1_2_dS2_2_dF_1_alpha_p1,10000000.0,y1,other,0.0,0.0,0.9998338530911759
smallY_smallL,T3_dS1_2_dS2_2_dF_1_alpha_p1,10000000.0,y2,gauge,0.011493,0.9999119842367908,0.9998252344183102
smallY_smallL,T3_dS1_2_dS2_2_dF_1_alpha_p1,10000000.0,y2,yukawa,1.0116542080810027e-06,8.80157632092382e-05,0.9998252344183102
smallY_smallL,T3_dS1_2_dS2_2_dF_1_alpha_p1,10000000.0,y2,scalar,0.0,0.0,0.9998252344183102
smallY_smallL,T3_dS1_2_dS2_2_dF_1_alpha_p1,10000000.0,y2,mixed,0.0,0.0,0.9998252344183102
smallY_smallL,T3_dS1_2_dS2_2_dF_1_alpha_p1,10000000.0,y2,mass,0.0,0.0,0.9998252344183102
smallY_smallL,T3_dS1_2_dS2_2_dF_1_alpha_p1,10000000.0,y2,other,0.0,0.0,0.9998252344183102
smallY_smallL,T3_dS1_2_dS2_2_dF_1_alpha_p1,10000000.0,lambdaT3,gauge,0.49689000000000005,0.5480528922721779,0.09610578454435575
smallY_smallL,T3_dS1_2_dS2_2_dF_1_alpha_p1,10000000.0,lambdaT3,yukawa,0.0,0.0,0.09610578454435575
smallY_smallL,T3_dS1_2_dS2_2_dF_1_alpha_p1,10000000.0,lambdaT3,scalar,0.07200000000000001,0.07941356888566244,0.09610578454435575
smallY_smallL,T3_dS1_2_dS2_2_dF_1_alpha_p1,10000000.0,lambdaT3,mixed,0.3377560683018,0.3725335388421597,0.09610578454435575
smallY_smallL,T3_dS1_2_dS2_2_dF_1_alpha_p1,10000000.0,lambdaT3,mass,0.0,0.0,0.09610578454435575
smallY_smallL,T3_dS1_2_dS2_2_dF_1_alpha_p1,10000000.0,lambdaT3,other,0.0,0.0,0.09610578454435575
smallY_smallL,T3_dS1_2_dS2_2_dF_3_alpha_m1,10000000.0,y1,gauge,0.027049735560548925,0.9999361089712658,0.9998739408474236
smallY_smallL,T3_dS1_2_dS2_2_dF_3_alpha_m1,10000000.0,y1,yukawa,1.7283458577448865e-06,6.389102873414395e-05,0.9998739408474236
smallY_smallL,T3_dS1_2_dS2_2_dF_3_alpha_m1,10000000.0,y1,scalar,0.0,0.0,0.9998739408474236
smallY_smallL,T3_dS1_2_dS2_2_dF_3_alpha_m1,10000000.0,y1,mixed,0.0,0.0,0.9998739408474236
smallY_smallL,T3_dS1_2_dS2_2_dF_3_alpha_m1,10000000.0,y1,mass,0.0,0.0,0.9998739408474236
smallY_smallL,T3_dS1_2_dS2_2_dF_3_alpha_m1,10000000.0,y1,other,0.0,0.0,0.9998739408474236
smallY_smallL,T3_dS1_2_dS2_2_dF_3_alpha_m1,10000000.0,y2,gauge,0.028662600000000003,0.9999357804405903,0.9998732741784111
smallY_smallL,T3_dS1_2_dS2_2_dF_3_alpha_m1,10000000.0,y2,yukawa,1.840817760044602e-06,6.42195594097918e-05,0.9998732741784111
smallY_smallL,T3_dS1_2_dS2_2_dF_3_alpha_m1,10000000.0,y2,scalar,0.0,0.0,0.9998732741784111
smallY_smallL,T3_dS1_2_dS2_2_dF_3_alpha_m1,10000000.0,y2,mixed,0.0,0.0,0.9998732741784111
smallY_smallL,T3_dS1_2_dS2_2_dF_3_alpha_m1,10000000.0,y2,mass,0.0,0.0,0.9998732741784111
smallY_smallL,T3_dS1_2_dS2_2_dF_3_alpha_m1,10000000.0,y2,other,0.0,0.0,0.9998732741784111
smallY_smallL,T3_dS1_2_dS2_2_dF_3_alpha_m1,10000000.0,lambdaT3,gauge,0.41913,0.5056508449600127,0.01130168992002541
smallY_smallL,T3_dS1_2_dS2_2_dF_3_alpha_m1,10000000.0,lambdaT3,yukawa,0.0,0.0,0.01130168992002541
smallY_smallL,T3_dS1_2_dS2_2_dF_3_alpha_m1,10000000.0,lambdaT3,scalar,0.07200000000000001,0.08686293235301915,0.01130168992002541
smallY_smallL,T3_dS1_2_dS2_2_dF_3_alpha_m1,10000000.0,lambdaT3,mixed,0.33776211830180003,0.4074862226869681,0.01130168992002541
smallY_smallL,T3_dS1_2_dS2_2_dF_3_alpha_m1,10000000.0,lambdaT3,mass,0.0,0.0,0.01130168992002541
smallY_smallL,T3_dS1_2_dS2_2_dF_3_alpha_m1,10000000.0,lambdaT3,other,0.0,0.0,0.01130168992002541
smallY_smallL,T3_dS1_2_dS2_2_dF_3_alpha_m3,10000000.0,y1,gauge,0.029985111188982196,0.9999629648273527,0.9999262529292507
smallY_smallL,T3_dS1_2_dS2_2_dF_3_alpha_m3,10000000.0,y1,yukawa,1.1105448989532827e-06,3.703517264725914e-05,0.9999262529292507
smallY_smallL,T3_dS1_2_dS2_2_dF_3_alpha_m3,10000000.0,y1,scalar,0.0,0.0,0.9999262529292507
smallY_smallL,T3_dS1_2_dS2_2_dF_3_alpha_m3,10000000.0,y1,mixed,0.0,0.0,0.9999262529292507
smallY_smallL,T3_dS1_2_dS2_2_dF_3_alpha_m3,10000000.0,y1,mass,0.0,0.0,0.9999262529292507
smallY_smallL,T3_dS1_2_dS2_2_dF_3_alpha_m3,10000000.0,y1,other,0.0,0.0,0.9999262529292507
smallY_smallL,T3_dS1_2_dS2_2_dF_3_alpha_m3,10000000.0,y2,gauge,0.031773,0.9999604962372002,0.9999213605730554
smallY_smallL,T3_dS1_2_dS2_2_dF_3_alpha_m3,10000000.0,y2,yukawa,1.255202640669227e-06,3.950376279991956e-05,0.9999213605730554
smallY_smallL,T3_dS1_2_dS2_2_dF_3_alpha_m3,10000000.0,y2,scalar,0.0,0.0,0.9999213605730554
smallY_smallL,T3_dS1_2_dS2_2_dF_3_alpha_m3,10000000.0,y2,mixed,0.0,0.0,0.9999213605730554
smallY_smallL,T3_dS1_2_dS2_2_dF_3_alpha_m3,10000000.0,y2,mass,0.0,0.0,0.9999213605730554
smallY_smallL,T3_dS1_2_dS2_2_dF_3_alpha_m3,10000000.0,y2,other,0.0,0.0,0.9999213605730554
smallY_smallL,T3_dS1_2_dS2_2_dF_3_alpha_m3,10000000.0,lambdaT3,gauge,0.49689000000000005,0.5480492351693803,0.09609847033876061
smallY_smallL,T3_dS1_2_dS2_2_dF_3_alpha_m3,10000000.0,lambdaT3,yukawa,0.0,0.0,0.09609847033876061
smallY_smallL,T3_dS1_2_dS2_2_dF_3_alpha_m3,10000000.0,lambdaT3,scalar,0.07200000000000001,0.07941303896676404,0.09609847033876061
smallY_smallL,T3_dS1_2_dS2_2_dF_3_alpha_m3,10000000.0,lambdaT3,mixed,0.33776211830180003,0.37253772586385564,0.09609847033876061
smallY_smallL,T3_dS1_2_dS2_2_dF_3_alpha_m3,10000000.0,lambdaT3,mass,0.0,0.0,0.09609847033876061
smallY_smallL,T3_dS1_2_dS2_2_dF_3_alpha_m3,10000000.0,lambdaT3,other,0.0,0.0,0.09609847033876061
smallY_smallL,T3_dS1_2_dS2_2_dF_3_alpha_p1,10000000.0,y1,gauge,0.029985111188982196,0.9999629648273527,0.9999262529292507
smallY_smallL,T3_dS1_2_dS2_2_dF_3_alpha_p1,10000000.0,y1,yukawa,1.1105448989532827e-06,3.703517264725914e-05,0.9999262529292507
smallY_smallL,T3_dS1_2_dS2_2_dF_3_alpha_p1,10000000.0,y1,scalar,0.0,0.0,0.9999262529292507
smallY_smallL,T3_dS1_2_dS2_2_dF_3_alpha_p1,10000000.0,y1,mixed,0.0,0.0,0.9999262529292507
smallY_smallL,T3_dS1_2_dS2_2_dF_3_alpha_p1,10000000.0,y1,mass,0.0,0.0,0.9999262529292507
smallY_smallL,T3_dS1_2_dS2_2_dF_3_alpha_p1,10000000.0,y1,other,0.0,0.0,0.9999262529292507
smallY_smallL,T3_dS1_2_dS2_2_dF_3_alpha_p1,10000000.0,y2,gauge,0.031773,0.9999604962372002,0.9999213605730554
smallY_smallL,T3_dS1_2_dS2_2_dF_3_alpha_p1,10000000.0,y2,yukawa,1.255202640669227e-06,3.950376279991956e-05,0.9999213605730554
smallY_smallL,T3_dS1_2_dS2_2_dF_3_alpha_p1,10000000.0,y2,scalar,0.0,0.0,0.9999213605730554
smallY_smallL,T3_dS1_2_dS2_2_dF_3_alpha_p1,10000000.0,y2,mixed,0.0,0.0,0.9999213605730554
smallY_smallL,T3_dS1_2_dS2_2_dF_3_alpha_p1,10000000.0,y2,mass,0.0,0.0,0.9999213605730554
smallY_smallL,T3_dS1_2_dS2_2_dF_3_alpha_p1,10000000.0,y2,other,0.0,0.0,0.9999213605730554
smallY_smallL,T3_dS1_2_dS2_2_dF_3_alpha_p1,10000000.0,lambdaT3,gauge,0.49689000000000005,0.5480492351693803,0.09609847033876061
smallY_smallL,T3_dS1_2_dS2_2_dF_3_alpha_p1,10000000.0,lambdaT3,yukawa,0.0,0.0,0.09609847033876061
smallY_smallL,T3_dS1_2_dS2_2_dF_3_alpha_p1,10000000.0,lambdaT3,scalar,0.07200000000000001,0.07941303896676404,0.09609847033876061
smallY_smallL,T3_dS1_2_dS2_2_dF_3_alpha_p1,10000000.0,lambdaT3,mixed,0.33776211830180003,0.37253772586385564,0.09609847033876061
smallY_smallL,T3_dS1_2_dS2_2_dF_3_alpha_p1,10000000.0,lambdaT3,mass,0.0,0.0,0.09609847033876061
smallY_smallL,T3_dS1_2_dS2_2_dF_3_alpha_p1,10000000.0,lambdaT3,other,0.0,0.0,0.09609847033876061
smallY_smallL,T3_dS1_3_dS2_1_dF_2_alpha_m2,10000000.0,y1,gauge,0.015821810534275147,0.9999426926927721,0.9998860987680132
smallY_smallL,T3_dS1_3_dS2_1_dF_2_alpha_m2,10000000.0,y1,yukawa,9.067573210113543e-07,5.7307307228004124e-05,0.9998860987680132
smallY_smallL,T3_dS1_3_dS2_1_dF_2_alpha_m2,10000000.0,y1,scalar,0.0,0.0,0.9998860987680132
smallY_smallL,T3_dS1_3_dS2_1_dF_2_alpha_m2,10000000.0,y1,mixed,0.0,0.0,0.9998860987680132
smallY_smallL,T3_dS1_3_dS2_1_dF_2_alpha_m2,10000000.0,y1,mass,0.0,0.0,0.9998860987680132
smallY_smallL,T3_dS1_3_dS2_1_dF_2_alpha_m2,10000000.0,y1,other,0.0,0.0,0.9998860987680132
smallY_smallL,T3_dS1_3_dS2_1_dF_2_alpha_m2,10000000.0,y2,gauge,0.0167652,0.9999128770348454,0.9998263358795424
smallY_smallL,T3_dS1_3_dS2_1_dF_2_alpha_m2,10000000.0,y2,yukawa,1.460761201256493e-06,8.712296515456164e-05,0.9998263358795424
smallY_smallL,T3_dS1_3_dS2_1_dF_2_alpha_m2,10000000.0,y2,scalar,0.0,0.0,0.9998263358795424
smallY_smallL,T3_dS1_3_dS2_1_dF_2_alpha_m2,10000000.0,y2,mixed,0.0,0.0,0.9998263358795424
smallY_smallL,T3_dS1_3_dS2_1_dF_2_alpha_m2,10000000.0,y2,mass,0.0,0.0,0.9998263358795424
smallY_smallL,T3_dS1_3_dS2_1_dF_2_alpha_m2,10000000.0,y2,other,0.0,0.0,0.9998263358795424
smallY_smallL,T3_dS1_3_dS2_1_dF_2_alpha_m2,10000000.0,lambdaT3,gauge,0.5019450000000001,0.5505548846001583,0.10110976920031671
smallY_smallL,T3_dS1_3_dS2_1_dF_2_alpha_m2,10000000.0,lambdaT3,yukawa,0.0,0.0,0.10110976920031671
smallY_smallL,T3_dS1_3_dS2_1_dF_2_alpha_m2,10000000.0,lambdaT3,scalar,0.07200000000000001,0.0789726995810525,0.10110976920031671
smallY_smallL,T3_dS1_3_dS2_1_dF_2_alpha_m2,10000000.0,lambdaT3,mixed,0.3377624683018,0.37047241581878915,0.10110976920031671
smallY_smallL,T3_dS1_3_dS2_1_dF_2_alpha_m2,10000000.0,lambdaT3,mass,0.0,0.0,0.10110976920031671
smallY_smallL,T3_dS1_3_dS2_1_dF_2_alpha_m2,10000000.0,lambdaT3,other,0.0,0.0,0.10110976920031671
smallY_smallL,T3_dS1_3_dS2_1_dF_2_alpha_p0,10000000.0,y1,gauge,0.015821810534275147,0.9999426926927721,0.9998860987680132
smallY_smallL,T3_dS1_3_dS2_1_dF_2_alpha_p0,10000000.0,y1,yukawa,9.067573210113543e-07,5.7307307228004124e-05,0.9998860987680132
smallY_smallL,T3_dS1_3_dS2_1_dF_2_alpha_p0,10000000.0,y1,scalar,0.0,0.0,0.9998860987680132
smallY_smallL,T3_dS1_3_dS2_1_dF_2_alpha_p0,10000000.0,y1,mixed,0.0,0.0,0.9998860987680132
smallY_smallL,T3_dS1_3_dS2_1_dF_2_alpha_p0,10000000.0,y1,mass,0.0,0.0,0.9998860987680132
smallY_smallL,T3_dS1_3_dS2_1_dF_2_alpha_p0,10000000.0,y1,other,0.0,0.0,0.9998860987680132
smallY_smallL,T3_dS1_3_dS2_1_dF_2_alpha_p0,10000000.0,y2,gauge,0.0167652,0.9999128770348454,0.9998263358795424
smallY_smallL,T3_dS1_3_dS2_1_dF_2_alpha_p0,10000000.0,y2,yukawa,1.460761201256493e-06,8.712296515456164e-05,0.9998263358795424
smallY_smallL,T3_dS1_3_dS2_1_dF_2_alpha_p0,10000000.0,y2,scalar,0.0,0.0,0.9998263358795424
smallY_smallL,T3_dS1_3_dS2_1_dF_2_alpha_p0,10000000.0,y2,mixed,0.0,0.0,0.9998263358795424
smallY_smallL,T3_dS1_3_dS2_1_dF_2_alpha_p0,10000000.0,y2,mass,0.0,0.0,0.9998263358795424
smallY_smallL,T3_dS1_3_dS2_1_dF_2_alpha_p0,10000000.0,y2,other,0.0,0.0,0.9998263358795424
smallY_smallL,T3_dS1_3_dS2_1_dF_2_alpha_p0,10000000.0,lambdaT3,gauge,0.5019450000000001,0.5505548846001583,0.10110976920031671
smallY_smallL,T3_dS1_3_dS2_1_dF_2_alpha_p0,10000000.0,lambdaT3,yukawa,0.0,0.0,0.10110976920031671
smallY_smallL,T3_dS1_3_dS2_1_dF_2_alpha_p0,10000000.0,lambdaT3,scalar,0.07200000000000001,0.0789726995810525,0.10110976920031671
smallY_smallL,T3_dS1_3_dS2_1_dF_2_alpha_p0,10000000.0,lambdaT3,mixed,0.3377624683018,0.37047241581878915,0.10110976920031671
smallY_smallL,T3_dS1_3_dS2_1_dF_2_alpha_p0,10000000.0,lambdaT3,mass,0.0,0.0,0.10110976920031671
smallY_smallL,T3_dS1_3_dS2_1_dF_2_alpha_p0,10000000.0,lambdaT3,other,0.0,0.0,0.10110976920031671
smallY_smallL,T3_dS1_3_dS2_1_dF_2_alpha_p2,10000000.0,y1,gauge,0.021692561791141683,0.9999582013674307,0.9999169230516154
smallY_smallL,T3_dS1_3_dS2_1_dF_2_alpha_p2,10000000.0,y1,yukawa,9.067573210113543e-07,4.179863256932288e-05,0.9999169230516154
smallY_smallL,T3_dS1_3_dS2_1_dF_2_alpha_p2,10000000.0,y1,scalar,0.0,0.0,0.9999169230516154
smallY_smallL,T3_dS1_3_dS2_1_dF_2_alpha_p2,10000000.0,y1,mixed,0.0,0.0,0.9999169230516154
smallY_smallL,T3_dS1_3_dS2_1_dF_2_alpha_p2,10000000.0,y1,mass,0.0,0.0,0.9999169230516154
smallY_smallL,T3_dS1_3_dS2_1_dF_2_alpha_p2,10000000.0,y1,other,0.0,0.0,0.9999169230516154
smallY_smallL,T3_dS1_3_dS2_1_dF_2_alpha_p2,10000000.0,y2,gauge,0.022986,0.9999364539991419,0.9998733323504658
smallY_smallL,T3_dS1_3_dS2_1_dF_2_alpha_p2,10000000.0,y2,yukawa,1.460761201256493e-06,6.354600085808512e-05,0.9998733323504658
smallY_smallL,T3_dS1_3_dS2_1_dF_2_alpha_p2,10000000.0,y2,scalar,0.0,0.0,0.9998733323504658
smallY_smallL,T3_dS1_3_dS2_1_dF_2_alpha_p2,10000000.0,y2,mixed,0.0,0.0,0.9998733323504658
smallY_smallL,T3_dS1_3_dS2_1_dF_2_alpha_p2,10000000.0,y2,mass,0.0,0.0,0.9998733323504658
smallY_smallL,T3_dS1_3_dS2_1_dF_2_alpha_p2,10000000.0,y2,other,0.0,0.0,0.9998733323504658
smallY_smallL,T3_dS1_3_dS2_1_dF_2_alpha_p2,10000000.0,lambdaT3,gauge,0.6574650000000001,0.6160495485055077,0.23209909701101553
smallY_smallL,T3_dS1_3_dS2_1_dF_2_alpha_p2,10000000.0,lambdaT3,yukawa,0.0,0.0,0.23209909701101553
smallY_smallL,T3_dS1_3_dS2_1_dF_2_alpha_p2,10000000.0,lambdaT3,scalar,0.07200000000000001,0.06746453041971293,0.23209909701101553
smallY_smallL,T3_dS1_3_dS2_1_dF_2_alpha_p2,10000000.0,lambdaT3,mixed,0.3377624683018,0.31648592107477924,0.23209909701101553
smallY_smallL,T3_dS1_3_dS2_1_dF_2_alpha_p2,10000000.0,lambdaT3,mass,0.0,0.0,0.23209909701101553
smallY_smallL,T3_dS1_3_dS2_1_dF_2_alpha_p2,10000000.0,lambdaT3,other,0.0,0.0,0.23209909701101553
smallY_smallL,T3_dS1_3_dS2_3_dF_2_alpha_m2,10000000.0,y1,gauge,0.015821810534275147,0.9999400688718506,0.9998808698682891
smallY_smallL,T3_dS1_3_dS2_3_dF_2_alpha_m2,10000000.0,y1,yukawa,9.482757859237869e-07,5.993112814946124e-05,0.9998808698682891
smallY_smallL,T3_dS1_3_dS2_3_dF_2_alpha_m2,10000000.0,y1,scalar,0.0,0.0,0.9998808698682891
smallY_smallL,T3_dS1_3_dS2_3_dF_2_alpha_m2,10000000.0,y1,mixed,0.0,0.0,0.9998808698682891
smallY_smallL,T3_dS1_3_dS2_3_dF_2_alpha_m2,10000000.0,y1,mass,0.0,0.0,0.9998808698682891
smallY_smallL,T3_dS1_3_dS2_3_dF_2_alpha_m2,10000000.0,y1,other,0.0,0.0,0.9998808698682891
smallY_smallL,T3_dS1_3_dS2_3_dF_2_alpha_m2,10000000.0,y2,gauge,0.0167652,0.9999373364529417,0.9998755452897036
smallY_smallL,T3_dS1_3_dS2_3_dF_2_alpha_m2,10000000.0,y2,yukawa,1.0506327355168826e-06,6.266354705837208e-05,0.9998755452897036
smallY_smallL,T3_dS1_3_dS2_3_dF_2_alpha_m2,10000000.0,y2,scalar,0.0,0.0,0.9998755452897036
smallY_smallL,T3_dS1_3_dS2_3_dF_2_alpha_m2,10000000.0,y2,mixed,0.0,0.0,0.9998755452897036
smallY_smallL,T3_dS1_3_dS2_3_dF_2_alpha_m2,10000000.0,y2,mass,0.0,0.0,0.9998755452897036
smallY_smallL,T3_dS1_3_dS2_3_dF_2_alpha_m2,10000000.0,y2,other,0.0,0.0,0.9998755452897036
smallY_smallL,T3_dS1_3_dS2_3_dF_2_alpha_m2,10000000.0,lambdaT3,gauge,0.37772250000000007,0.648338746462882,0.2966774929257641
smallY_smallL,T3_dS1_3_dS2_3_dF_2_alpha_m2,10000000.0,lambdaT3,yukawa,0.0,0.0,0.2966774929257641
smallY_smallL,T3_dS1_3_dS2_3_dF_2_alpha_m2,10000000.0,lambdaT3,scalar,0.036000000000000004,0.06179191039099803,0.2966774929257641
smallY_smallL,T3_dS1_3_dS2_3_dF_2_alpha_m2,10000000.0,lambdaT3,mixed,0.1688780341509,0.2898693431461199,0.2966774929257641
smallY_smallL,T3_dS1_3_dS2_3_dF_2_alpha_m2,10000000.0,lambdaT3,mass,0.0,0.0,0.2966774929257641
smallY_smallL,T3_dS1_3_dS2_3_dF_2_alpha_m2,10000000.0,lambdaT3,other,0.0,0.0,0.2966774929257641
smallY_smallL,T3_dS1_3_dS2_3_dF_2_alpha_m4,10000000.0,y1,gauge,0.021692561791141683,0.999956287581724,0.9999131091500629
smallY_smallL,T3_dS1_3_dS2_3_dF_2_alpha_m4,10000000.0,y1,yukawa,9.482757859237869e-07,4.371241827616736e-05,0.9999131091500629
smallY_smallL,T3_dS1_3_dS2_3_dF_2_alpha_m4,10000000.0,y1,scalar,0.0,0.0,0.9999131091500629
smallY_smallL,T3_dS1_3_dS2_3_dF_2_alpha_m4,10000000.0,y1,mixed,0.0,0.0,0.9999131091500629
smallY_smallL,T3_dS1_3_dS2_3_dF_2_alpha_m4,10000000.0,y1,mass,0.0,0.0,0.9999131091500629
smallY_smallL,T3_dS1_3_dS2_3_dF_2_alpha_m4,10000000.0,y1,other,0.0,0.0,0.9999131091500629
smallY_smallL,T3_dS1_3_dS2_3_dF_2_alpha_m4,10000000.0,y2,gauge,0.022986,0.9999542945829675,0.9999092254528456
smallY_smallL,T3_dS1_3_dS2_3_dF_2_alpha_m4,10000000.0,y2,yukawa,1.0506327355168826e-06,4.570541703252231e-05,0.9999092254528456
smallY_smallL,T3_dS1_3_dS2_3_dF_2_alpha_m4,10000000.0,y2,scalar,0.0,0.0,0.9999092254528456
smallY_smallL,T3_dS1_3_dS2_3_dF_2_alpha_m4,10000000.0,y2,mixed,0.0,0.0,0.9999092254528456
smallY_smallL,T3_dS1_3_dS2_3_dF_2_alpha_m4,10000000.0,y2,mass,0.0,0.0,0.9999092254528456
smallY_smallL,T3_dS1_3_dS2_3_dF_2_alpha_m4,10000000.0,y2,other,0.0,0.0,0.9999092254528456
smallY_smallL,T3_dS1_3_dS2_3_dF_2_alpha_m4,10000000.0,lambdaT3,gauge,0.45548250000000007,0.6897482154739385,0.3794964309478767
smallY_smallL,T3_dS1_3_dS2_3_dF_2_alpha_m4,10000000.0,lambdaT3,yukawa,0.0,0.0,0.3794964309478767
smallY_smallL,T3_dS1_3_dS2_3_dF_2_alpha_m4,10000000.0,lambdaT3,scalar,0.036000000000000004,0.05451567460234319,0.3794964309478767
smallY_smallL,T3_dS1_3_dS2_3_dF_2_alpha_m4,10000000.0,lambdaT3,mixed,0.1688780341509,0.2557361099237184,0.3794964309478767
smallY_smallL,T3_dS1_3_dS2_3_dF_2_alpha_m4,10000000.0,lambdaT3,mass,0.0,0.0,0.3794964309478767
smallY_smallL,T3_dS1_3_dS2_3_dF_2_alpha_m4,10000000.0,lambdaT3,other,0.0,0.0,0.3794964309478767
smallY_smallL,T3_dS1_3_dS2_3_dF_2_alpha_p0,10000000.0,y1,gauge,0.015821810534275147,0.9999400688718506,0.9998808698682891
smallY_smallL,T3_dS1_3_dS2_3_dF_2_alpha_p0,10000000.0,y1,yukawa,9.482757859237869e-07,5.993112814946124e-05,0.9998808698682891
smallY_smallL,T3_dS1_3_dS2_3_dF_2_alpha_p0,10000000.0,y1,scalar,0.0,0.0,0.9998808698682891
smallY_smallL,T3_dS1_3_dS2_3_dF_2_alpha_p0,10000000.0,y1,mixed,0.0,0.0,0.9998808698682891
smallY_smallL,T3_dS1_3_dS2_3_dF_2_alpha_p0,10000000.0,y1,mass,0.0,0.0,0.9998808698682891
smallY_smallL,T3_dS1_3_dS2_3_dF_2_alpha_p0,10000000.0,y1,other,0.0,0.0,0.9998808698682891
smallY_smallL,T3_dS1_3_dS2_3_dF_2_alpha_p0,10000000.0,y2,gauge,0.0167652,0.9999373364529417,0.9998755452897036
smallY_smallL,T3_dS1_3_dS2_3_dF_2_alpha_p0,10000000.0,y2,yukawa,1.0506327355168826e-06,6.266354705837208e-05,0.9998755452897036
smallY_smallL,T3_dS1_3_dS2_3_dF_2_alpha_p0,10000000.0,y2,scalar,0.0,0.0,0.9998755452897036
smallY_smallL,T3_dS1_3_dS2_3_dF_2_alpha_p0,10000000.0,y2,mixed,0.0,0.0,0.9998755452897036
smallY_smallL,T3_dS1_3_dS2_3_dF_2_alpha_p0,10000000.0,y2,mass,0.0,0.0,0.9998755452897036
smallY_smallL,T3_dS1_3_dS2_3_dF_2_alpha_p0,10000000.0,y2,other,0.0,0.0,0.9998755452897036
smallY_smallL,T3_dS1_3_dS2_3_dF_2_alpha_p0,10000000.0,lambdaT3,gauge,0.37772250000000007,0.648338746462882,0.2966774929257641
smallY_smallL,T3_dS1_3_dS2_3_dF_2_alpha_p0,10000000.0,lambdaT3,yukawa,0.0,0.0,0.2966774929257641
smallY_smallL,T3_dS1_3_dS2_3_dF_2_alpha_p0,10000000.0,lambdaT3,scalar,0.036000000000000004,0.06179191039099803,0.2966774929257641
smallY_smallL,T3_dS1_3_dS2_3_dF_2_alpha_p0,10000000.0,lambdaT3,mixed,0.1688780341509,0.2898693431461199,0.2966774929257641
smallY_smallL,T3_dS1_3_dS2_3_dF_2_alpha_p0,10000000.0,lambdaT3,mass,0.0,0.0,0.2966774929257641
smallY_smallL,T3_dS1_3_dS2_3_dF_2_alpha_p0,10000000.0,lambdaT3,other,0.0,0.0,0.2966774929257641
smallY_smallL,T3_dS1_3_dS2_3_dF_2_alpha_p2,10000000.0,y1,gauge,0.021692561791141683,0.999956287581724,0.9999131091500629
smallY_smallL,T3_dS1_3_dS2_3_dF_2_alpha_p2,10000000.0,y1,yukawa,9.482757859237869e-07,4.371241827616736e-05,0.9999131091500629
smallY_smallL,T3_dS1_3_dS2_3_dF_2_alpha_p2,10000000.0,y1,scalar,0.0,0.0,0.9999131091500629
smallY_smallL,T3_dS1_3_dS2_3_dF_2_alpha_p2,10000000.0,y1,mixed,0.0,0.0,0.9999131091500629
smallY_smallL,T3_dS1_3_dS2_3_dF_2_alpha_p2,10000000.0,y1,mass,0.0,0.0,0.9999131091500629
smallY_smallL,T3_dS1_3_dS2_3_dF_2_alpha_p2,10000000.0,y1,other,0.0,0.0,0.9999131091500629
smallY_smallL,T3_dS1_3_dS2_3_dF_2_alpha_p2,10000000.0,y2,gauge,0.022986,0.9999542945829675,0.9999092254528456
smallY_smallL,T3_dS1_3_dS2_3_dF_2_alpha_p2,10000000.0,y2,yukawa,1.0506327355168826e-06,4.570541703252231e-05,0.9999092254528456
smallY_smallL,T3_dS1_3_dS2_3_dF_2_alpha_p2,10000000.0,y2,scalar,0.0,0.0,0.9999092254528456
smallY_smallL,T3_dS1_3_dS2_3_dF_2_alpha_p2,10000000.0,y2,mixed,0.0,0.0,0.9999092254528456
smallY_smallL,T3_dS1_3_dS2_3_dF_2_alpha_p2,10000000.0,y2,mass,0.0,0.0,0.9999092254528456
smallY_smallL,T3_dS1_3_dS2_3_dF_2_alpha_p2,10000000.0,y2,other,0.0,0.0,0.9999092254528456
smallY_smallL,T3_dS1_3_dS2_3_dF_2_alpha_p2,10000000.0,lambdaT3,gauge,0.45548250000000007,0.6897482154739385,0.3794964309478767
smallY_smallL,T3_dS1_3_dS2_3_dF_2_alpha_p2,10000000.0,lambdaT3,yukawa,0.0,0.0,0.3794964309478767
smallY_smallL,T3_dS1_3_dS2_3_dF_2_alpha_p2,10000000.0,lambdaT3,scalar,0.036000000000000004,0.05451567460234319,0.3794964309478767
smallY_smallL,T3_dS1_3_dS2_3_dF_2_alpha_p2,10000000.0,lambdaT3,mixed,0.1688780341509,0.2557361099237184,0.3794964309478767
smallY_smallL,T3_dS1_3_dS2_3_dF_2_alpha_p2,10000000.0,lambdaT3,mass,0.0,0.0,0.3794964309478767
smallY_smallL,T3_dS1_3_dS2_3_dF_2_alpha_p2,10000000.0,lambdaT3,other,0.0,0.0,0.3794964309478767
smallY_largeL,T3_dS1_1_dS2_3_dF_2_alpha_m2,10000000.0,y1,gauge,0.015821810534275147,0.9999195194489904,0.9998395723269671
smallY_largeL,T3_dS1_1_dS2_3_dF_2_alpha_m2,10000000.0,y1,yukawa,1.2734505177667638e-06,8.048055100956541e-05,0.9998395723269671
smallY_largeL,T3_dS1_1_dS2_3_dF_2_alpha_m2,10000000.0,y1,scalar,0.0,0.0,0.9998395723269671
smallY_largeL,T3_dS1_1_dS2_3_dF_2_alpha_m2,10000000.0,y1,mixed,0.0,0.0,0.9998395723269671
smallY_largeL,T3_dS1_1_dS2_3_dF_2_alpha_m2,10000000.0,y1,mass,0.0,0.0,0.9998395723269671
smallY_largeL,T3_dS1_1_dS2_3_dF_2_alpha_m2,10000000.0,y1,other,0.0,0.0,0.9998395723269671
smallY_largeL,T3_dS1_1_dS2_3_dF_2_alpha_m2,10000000.0,y2,gauge,0.0167652,0.9999396611334184,0.9998801901065048
smallY_largeL,T3_dS1_1_dS2_3_dF_2_alpha_m2,10000000.0,y2,yukawa,1.0116542080810027e-06,6.033886658153285e-05,0.9998801901065048
smallY_largeL,T3_dS1_1_dS2_3_dF_2_alpha_m2,10000000.0,y2,scalar,0.0,0.0,0.9998801901065048
smallY_largeL,T3_dS1_1_dS2_3_dF_2_alpha_m2,10000000.0,y2,mixed,0.0,0.0,0.9998801901065048
smallY_largeL,T3_dS1_1_dS2_3_dF_2_alpha_m2,10000000.0,y2,mass,0.0,0.0,0.9998801901065048
smallY_largeL,T3_dS1_1_dS2_3_dF_2_alpha_m2,10000000.0,y2,other,0.0,0.0,0.9998801901065048
smallY_largeL,T3_dS1_1_dS2_3_dF_2_alpha_m2,10000000.0,lambdaT3,gauge,5.01945,0.5505553073110919,0.10111061462218393
smallY_largeL,T3_dS1_1_dS2_3_dF_2_alpha_m2,10000000.0,lambdaT3,yukawa,0.0,0.0,0.10111061462218393
smallY_largeL,T3_dS1_1_dS2_3_dF_2_alpha_m2,10000000.0,lambdaT3,scalar,0.72,0.07897276021555871,0.10111061462218393
smallY_largeL,T3_dS1_1_dS2_3_dF_2_alpha_m2,10000000.0,lambdaT3,mixed,3.377617683018,0.3704719324733493,0.10111061462218393
smallY_largeL,T3_dS1_1_dS2_3_dF_2_alpha_m2,10000000.0,lambdaT3,mass,0.0,0.0,0.10111061462218393
smallY_largeL,T3_dS1_1_dS2_3_dF_2_alpha_m2,10000000.0,lambdaT3,other,0.0,0.0,0.10111061462218393
smallY_largeL,T3_dS1_1_dS2_3_dF_2_alpha_m4,10000000.0,y1,gauge,0.021692561791141683,0.9999412989679518,0.999882987000737
smallY_largeL,T3_dS1_1_dS2_3_dF_2_alpha_m4,10000000.0,y1,yukawa,1.2734505177667638e-06,5.8701032048095906e-05,0.999882987000737
smallY_largeL,T3_dS1_1_dS2_3_dF_2_alpha_m4,10000000.0,y1,scalar,0.0,0.0,0.999882987000737
smallY_largeL,T3_dS1_1_dS2_3_dF_2_alpha_m4,10000000.0,y1,mixed,0.0,0.0,0.999882987000737
smallY_largeL,T3_dS1_1_dS2_3_dF_2_alpha_m4,10000000.0,y1,mass,0.0,0.0,0.999882987000737
smallY_largeL,T3_dS1_1_dS2_3_dF_2_alpha_m4,10000000.0,y1,other,0.0,0.0,0.999882987000737
smallY_largeL,T3_dS1_1_dS2_3_dF_2_alpha_m4,10000000.0,y2,gauge,0.022986,0.9999559901816164,0.9999126133357938
smallY_largeL,T3_dS1_1_dS2_3_dF_2_alpha_m4,10000000.0,y2,yukawa,1.0116542080810027e-06,4.400981838349596e-05,0.9999126133357938
smallY_largeL,T3_dS1_1_dS2_3_dF_2_alpha_m4,10000000.0,y2,scalar,0.0,0.0,0.9999126133357938
smallY_largeL,T3_dS1_1_dS2_3_dF_2_alpha_m4,10000000.0,y2,mixed,0.0,0.0,0.9999126133357938
smallY_largeL,T3_dS1_1_dS2_3_dF_2_alpha_m4,10000000.0,y2,mass,0.0,0.0,0.9999126133357938
smallY_largeL,T3_dS1_1_dS2_3_dF_2_alpha_m4,10000000.0,y2,other,0.0,0.0,0.9999126133357938
smallY_largeL,T3_dS1_1_dS2_3_dF_2_alpha_m4,10000000.0,lambdaT3,gauge,6.57465,0.6160499525758486,0.23209990515169718
smallY_largeL,T3_dS1_1_dS2_3_dF_2_alpha_m4,10000000.0,lambdaT3,yukawa,0.0,0.0,0.23209990515169718
smallY_largeL,T3_dS1_1_dS2_3_dF_2_alpha_m4,10000000.0,lambdaT3,scalar,0.72,0.06746457467007536,0.23209990515169718
smallY_largeL,T3_dS1_1_dS2_3_dF_2_alpha_m4,10000000.0,lambdaT3,mixed,3.377617683018,0.31648547275407607,0.23209990515169718
smallY_largeL,T3_dS1_1_dS2_3_dF_2_alpha_m4,10000000.0,lambdaT3,mass,0.0,0.0,0.23209990515169718
smallY_largeL,T3_dS1_1_dS2_3_dF_2_alpha_m4,10000000.0,lambdaT3,other,0.0,0.0,0.23209990515169718
smallY_largeL,T3_dS1_1_dS2_3_dF_2_alpha_p0,10000000.0,y1,gauge,0.015821810534275147,0.9999195194489904,0.9998395723269671
smallY_largeL,T3_dS1_1_dS2_3_dF_2_alpha_p0,10000000.0,y1,yukawa,1.2734505177667638e-06,8.048055100956541e-05,0.9998395723269671
smallY_largeL,T3_dS1_1_dS2_3_dF_2_alpha_p0,10000000.0,y1,scalar,0.0,0.0,0.9998395723269671
smallY_largeL,T3_dS1_1_dS2_3_dF_2_alpha_p0,10000000.0,y1,mixed,0.0,0.0,0.9998395723269671
smallY_largeL,T3_dS1_1_dS2_3_dF_2_alpha_p0,10000000.0,y1,mass,0.0,0.0,0.9998395723269671
smallY_largeL,T3_dS1_1_dS2_3_dF_2_alpha_p0,10000000.0,y1,other,0.0,0.0,0.9998395723269671
smallY_largeL,T3_dS1_1_dS2_3_dF_2_alpha_p0,10000000.0,y2,gauge,0.0167652,0.9999396611334184,0.9998801901065048
smallY_largeL,T3_dS1_1_dS2_3_dF_2_alpha_p0,10000000.0,y2,yukawa,1.0116542080810027e-06,6.033886658153285e-05,0.9998801901065048
smallY_largeL,T3_dS1_1_dS2_3_dF_2_alpha_p0,10000000.0,y2,scalar,0.0,0.0,0.9998801901065048
smallY_largeL,T3_dS1_1_dS2_3_dF_2_alpha_p0,10000000.0,y2,mixed,0.0,0.0,0.9998801901065048
smallY_largeL,T3_dS1_1_dS2_3_dF_2_alpha_p0,10000000.0,y2,mass,0.0,0.0,0.9998801901065048
smallY_largeL,T3_dS1_1_dS2_3_dF_2_alpha_p0,10000000.0,y2,other,0.0,0.0,0.9998801901065048
smallY_largeL,T3_dS1_1_dS2_3_dF_2_alpha_p0,10000000.0,lambdaT3,gauge,5.01945,0.5505553073110919,0.10111061462218393
smallY_largeL,T3_dS1_1_dS2_3_dF_2_alpha_p0,10000000.0,lambdaT3,yukawa,0.0,0.0,0.10111061462218393
smallY_largeL,T3_dS1_1_dS2_3_dF_2_alpha_p0,10000000.0,lambdaT3,scalar,0.72,0.07897276021555871,0.10111061462218393
smallY_largeL,T3_dS1_1_dS2_3_dF_2_alpha_p0,10000000.0,lambdaT3,mixed,3.377617683018,0.3704719324733493,0.10111061462218393
smallY_largeL,T3_dS1_1_dS2_3_dF_2_alpha_p0,10000000.0,lambdaT3,mass,0.0,0.0,0.10111061462218393
smallY_largeL,T3_dS1_1_dS2_3_dF_2_alpha_p0,10000000.0,lambdaT3,other,0.0,0.0,0.10111061462218393
smallY_largeL,T3_dS1_2_dS2_2_dF_1_alpha_m1,10000000.0,y1,gauge,0.007910905267137574,0.9998196223775523,0.9996433180026313
smallY_largeL,T3_dS1_2_dS2_2_dF_1_alpha_m1,10000000.0,y1,yukawa,1.4272077198302945e-06,0.00018037762244767344,0.9996433180026313
smallY_largeL,T3_dS1_2_dS2_2_dF_1_alpha_m1,10000000.0,y1,scalar,0.0,0.0,0.9996433180026313
smallY_largeL,T3_dS1_2_dS2_2_dF_1_alpha_m1,10000000.0,y1,mixed,0.0,0.0,0.9996433180026313
smallY_largeL,T3_dS1_2_dS2_2_dF_1_alpha_m1,10000000.0,y1,mass,0.0,0.0,0.9996433180026313
smallY_largeL,T3_dS1_2_dS2_2_dF_1_alpha_m1,10000000.0,y1,other,0.0,0.0,0.9996433180026313
smallY_largeL,T3_dS1_2_dS2_2_dF_1_alpha_m1,10000000.0,y2,gauge,0.0083826,0.9998197121257255,0.9996445590061003
smallY_largeL,T3_dS1_2_dS2_2_dF_1_alpha_m1,10000000.0,y2,yukawa,1.5115536496873841e-06,0.00018028787427445305,0.9996445590061003
smallY_largeL,T3_dS1_2_dS2_2_dF_1_alpha_m1,10000000.0,y2,scalar,0.0,0.0,0.9996445590061003
smallY_largeL,T3_dS1_2_dS2_2_dF_1_alpha_m1,10000000.0,y2,mixed,0.0,0.0,0.9996445590061003
smallY_largeL,T3_dS1_2_dS2_2_dF_1_alpha_m1,10000000.0,y2,mass,0.0,0.0,0.9996445590061003
smallY_largeL,T3_dS1_2_dS2_2_dF_1_alpha_m1,10000000.0,y2,other,0.0,0.0,0.9996445590061003
smallY_largeL,T3_dS1_2_dS2_2_dF_1_alpha_m1,10000000.0,lambdaT3,gauge,4.1913,0.5056545356814871,0.011309071362974057
smallY_largeL,T3_dS1_2_dS2_2_dF_1_alpha_m1,10000000.0,lambdaT3,yukawa,0.0,0.0,0.011309071362974057
smallY_largeL,T3_dS1_2_dS2_2_dF_1_alpha_m1,10000000.0,lambdaT3,scalar,0.72,0.08686356636143218,0.011309071362974057
smallY_largeL,T3_dS1_2_dS2_2_dF_1_alpha_m1,10000000.0,lambdaT3,mixed,3.377560683018,0.40748189795708084,0.011309071362974057
smallY_largeL,T3_dS1_2_dS2_2_dF_1_alpha_m1,10000000.0,lambdaT3,mass,0.0,0.0,0.011309071362974057
smallY_largeL,T3_dS1_2_dS2_2_dF_1_alpha_m1,10000000.0,lambdaT3,other,0.0,0.0,0.011309071362974057
smallY_largeL,T3_dS1_2_dS2_2_dF_1_alpha_m3,10000000.0,y1,gauge,0.010846280895570841,0.9999164062289666,0.9998338530911759
smallY_largeL,T3_dS1_2_dS2_2_dF_1_alpha_m3,10000000.0,y1,yukawa,9.067573210113543e-07,8.359377103332525e-05,0.9998338530911759
smallY_largeL,T3_dS1_2_dS2_2_dF_1_alpha_m3,10000000.0,y1,scalar,0.0,0.0,0.9998338530911759
smallY_largeL,T3_dS1_2_dS2_2_dF_1_alpha_m3,10000000.0,y1,mixed,0.0,0.0,0.9998338530911759
smallY_largeL,T3_dS1_2_dS2_2_dF_1_alpha_m3,10000000.0,y1,mass,0.0,0.0,0.9998338530911759
smallY_largeL,T3_dS1_2_dS2_2_dF_1_alpha_m3,10000000.0,y1,other,0.0,0.0,0.9998338530911759
smallY_largeL,T3_dS1_2_dS2_2_dF_1_alpha_m3,10000000.0,y2,gauge,0.011493,0.9999119842367908,0.9998252344183102
smallY_largeL,T3_dS1_2_dS2_2_dF_1_alpha_m3,10000000.0,y2,yukawa,1.0116542080810027e-06,8.80157632092382e-05,0.9998252344183102
smallY_largeL,T3_dS1_2_dS2_2_dF_1_alpha_m3,10000000.0,y2,scalar,0.0,0.0,0.9998252344183102
smallY_largeL,T3_dS1_2_dS2_2_dF_1_alpha_m3,10000000.0,y2,mixed,0.0,0.0,0.9998252344183102
smallY_largeL,T3_dS1_2_dS2_2_dF_1_alpha_m3,10000000.0,y2,mass,0.0,0.0,0.9998252344183102
smallY_largeL,T3_dS1_2_dS2_2_dF_1_alpha_m3,10000000.0,y2,other,0.0,0.0,0.9998252344183102
smallY_largeL,T3_dS1_2_dS2_2_dF_1_alpha_m3,10000000.0,lambdaT3,gauge,4.9689,0.5480528922721779,0.09610578454435573
smallY_largeL,T3_dS1_2_dS2_2_dF_1_alpha_m3,10000000.0,lambdaT3,yukawa,0.0,0.0,0.09610578454435573
smallY_largeL,T3_dS1_2_dS2_2_dF_1_alpha_m3,10000000.0,lambdaT3,scalar,0.72,0.07941356888566244,0.09610578454435573
smallY_largeL,T3_dS1_2_dS2_2_dF_1_alpha_m3,10000000.0,lambdaT3,mixed,3.377560683018,0.37253353884215973,0.09610578454435573
smallY_largeL,T3_dS1_2_dS2_2_dF_1_alpha_m3,10000000.0,lambdaT3,mass,0.0,0.0,0.09610578454435573
smallY_largeL,T3_dS1_2_dS2_2_dF_1_alpha_m3,10000000.0,lambdaT3,other,0.0,0.0,0.09610578454435573
smallY_largeL,T3_dS1_2_dS2_2_dF_1_alpha_p1,10000000.0,y1,gauge,0.010846280895570841,0.9999164062289666,0.9998338530911759
smallY_largeL,T3_dS1_2_dS2_2_dF_1_alpha_p1,10000000.0,y1,yukawa,9.067573210113543e-07,8.359377103332525e-05,0.9998338530911759
smallY_largeL,T3_dS1_2_dS2_2_dF_1_alpha_p1,10000000.0,y1,scalar,0.0,0.0,0.9998338530911759
smallY_largeL,T3_dS1_2_dS2_2_dF_1_alpha_p1,10000000.0,y1,mixed,0.0,0.0,0.9998338530911759
smallY_largeL,T3_dS1_2_dS2_2_dF_1_alpha_p1,10000000.0,y1,mass,0.0,0.0,0.9998338530911759
smallY_largeL,T3_dS1_2_dS2_2_dF_1_alpha_p1,10000000.0,y1,other,0.0,0.0,0.9998338530911759
smallY_largeL,T3_dS1_2_dS2_2_dF_1_alpha_p1,10000000.0,y2,gauge,0.011493,0.9999119842367908,0.9998252344183102
smallY_largeL,T3_dS1_2_dS2_2_dF_1_alpha_p1,10000000.0,y2,yukawa,1.0116542080810027e-06,8.80157632092382e-05,0.9998252344183102
smallY_largeL,T3_dS1_2_dS2_2_dF_1_alpha_p1,10000000.0,y2,scalar,0.0,0.0,0.9998252344183102
smallY_largeL,T3_dS1_2_dS2_2_dF_1_alpha_p1,10000000.0,y2,mixed,0.0,0.0,0.9998252344183102
smallY_largeL,T3_dS1_2_dS2_2_dF_1_alpha_p1,10000000.0,y2,mass,0.0,0.0,0.9998252344183102
smallY_largeL,T3_dS1_2_dS2_2_dF_1_alpha_p1,10000000.0,y2,other,0.0,0.0,0.9998252344183102
smallY_largeL,T3_dS1_2_dS2_2_dF_1_alpha_p1,10000000.0,lambdaT3,gauge,4.9689,0.5480528922721779,0.09610578454435573
smallY_largeL,T3_dS1_2_dS2_2_dF_1_alpha_p1,10000000.0,lambdaT3,yukawa,0.0,0.0,0.09610578454435573
smallY_largeL,T3_dS1_2_dS2_2_dF_1_alpha_p1,10000000.0,lambdaT3,scalar,0.72,0.07941356888566244,0.09610578454435573
smallY_largeL,T3_dS1_2_dS2_2_dF_1_alpha_p1,10000000.0,lambdaT3,mixed,3.377560683018,0.37253353884215973,0.09610578454435573
smallY_largeL,T3_dS1_2_dS2_2_dF_1_alpha_p1,10000000.0,lambdaT3,mass,0.0,0.0,0.09610578454435573
smallY_largeL,T3_dS1_2_dS2_2_dF_1_alpha_p1,10000000.0,lambdaT3,other,0.0,0.0,0.09610578454435573
smallY_largeL,T3_dS1_2_dS2_2_dF_3_alpha_m1,10000000.0,y1,gauge,0.027049735560548925,0.9999361089712658,0.9998739408474236
smallY_largeL,T3_dS1_2_dS2_2_dF_3_alpha_m1,10000000.0,y1,yukawa,1.7283458577448865e-06,6.389102873414395e-05,0.9998739408474236
smallY_largeL,T3_dS1_2_dS2_2_dF_3_alpha_m1,10000000.0,y1,scalar,0.0,0.0,0.9998739408474236
smallY_largeL,T3_dS1_2_dS2_2_dF_3_alpha_m1,10000000.0,y1,mixed,0.0,0.0,0.9998739408474236
smallY_largeL,T3_dS1_2_dS2_2_dF_3_alpha_m1,10000000.0,y1,mass,0.0,0.0,0.9998739408474236
smallY_largeL,T3_dS1_2_dS2_2_dF_3_alpha_m1,10000000.0,y1,other,0.0,0.0,0.9998739408474236
smallY_largeL,T3_dS1_2_dS2_2_dF_3_alpha_m1,10000000.0,y2,gauge,0.028662600000000003,0.9999357804405903,0.9998732741784111
smallY_largeL,T3_dS1_2_dS2_2_dF_3_alpha_m1,10000000.0,y2,yukawa,1.840817760044602e-06,6.42195594097918e-05,0.9998732741784111
smallY_largeL,T3_dS1_2_dS2_2_dF_3_alpha_m1,10000000.0,y2,scalar,0.0,0.0,0.9998732741784111
smallY_largeL,T3_dS1_2_dS2_2_dF_3_alpha_m1,10000000.0,y2,mixed,0.0,0.0,0.9998732741784111
smallY_largeL,T3_dS1_2_dS2_2_dF_3_alpha_m1,10000000.0,y2,mass,0.0,0.0,0.9998732741784111
smallY_largeL,T3_dS1_2_dS2_2_dF_3_alpha_m1,10000000.0,y2,other,0.0,0.0,0.9998732741784111
smallY_largeL,T3_dS1_2_dS2_2_dF_3_alpha_m1,10000000.0,lambdaT3,gauge,4.1913,0.5056508449600128,0.011301689920025507
smallY_largeL,T3_dS1_2_dS2_2_dF_3_alpha_m1,10000000.0,lambdaT3,yukawa,0.0,0.0,0.011301689920025507
smallY_largeL,T3_dS1_2_dS2_2_dF_3_alpha_m1,10000000.0,lambdaT3,scalar,0.72,0.08686293235301916,0.011301689920025507
smallY_largeL,T3_dS1_2_dS2_2_dF_3_alpha_m1,10000000.0,lambdaT3,mixed,3.377621183018,0.40748622268696816,0.011301689920025507
smallY_largeL,T3_dS1_2_dS2_2_dF_3_alpha_m1,10000000.0,lambdaT3,mass,0.0,0.0,0.011301689920025507
smallY_largeL,T3_dS1_2_dS2_2_dF_3_alpha_m1,10000000.0,lambdaT3,other,0.0,0.0,0.011301689920025507
smallY_largeL,T3_dS1_2_dS2_2_dF_3_alpha_m3,10000000.0,y1,gauge,0.029985111188982196,0.9999629648273527,0.9999262529292507
smallY_largeL,T3_dS1_2_dS2_2_dF_3_alpha_m3,10000000.0,y1,yukawa,1.1105448989532827e-06,3.703517264725914e-05,0.9999262529292507
smallY_largeL,T3_dS1_2_dS2_2_dF_3_alpha_m3,10000000.0,y1,scalar,0.0,0.0,0.9999262529292507
smallY_largeL,T3_dS1_2_dS2_2_dF_3_alpha_m3,10000000.0,y1,mixed,0.0,0.0,0.9999262529292507
smallY_largeL,T3_dS1_2_dS2_2_dF_3_alpha_m3,10000000.0,y1,mass,0.0,0.0,0.9999262529292507
smallY_largeL,T3_dS1_2_dS2_2_dF_3_alpha_m3,10000000.0,y1,other,0.0,0.0,0.9999262529292507
smallY_largeL,T3_dS1_2_dS2_2_dF_3_alpha_m3,10000000.0,y2,gauge,0.031773,0.9999604962372002,0.9999213605730554
smallY_largeL,T3_dS1_2_dS2_2_dF_3_alpha_m3,10000000.0,y2,yukawa,1.255202640669227e-06,3.950376279991956e-05,0.9999213605730554
smallY_largeL,T3_dS1_2_dS2_2_dF_3_alpha_m3,10000000.0,y2,scalar,0.0,0.0,0.9999213605730554
smallY_largeL,T3_dS1_2_dS2_2_dF_3_alpha_m3,10000000.0,y2,mixed,0.0,0.0,0.9999213605730554
smallY_largeL,T3_dS1_2_dS2_2_dF_3_alpha_m3,10000000.0,y2,mass,0.0,0.0,0.9999213605730554
smallY_largeL,T3_dS1_2_dS2_2_dF_3_alpha_m3,10000000.0,y2,other,0.0,0.0,0.9999213605730554
smallY_largeL,T3_dS1_2_dS2_2_dF_3_alpha_m3,10000000.0,lambdaT3,gauge,4.9689,0.5480492351693803,0.09609847033876062
smallY_largeL,T3_dS1_2_dS2_2_dF_3_alpha_m3,10000000.0,lambdaT3,yukawa,0.0,0.0,0.09609847033876062
smallY_largeL,T3_dS1_2_dS2_2_dF_3_alpha_m3,10000000.0,lambdaT3,scalar,0.72,0.07941303896676405,0.09609847033876062
smallY_largeL,T3_dS1_2_dS2_2_dF_3_alpha_m3,10000000.0,lambdaT3,mixed,3.377621183018,0.3725377258638557,0.09609847033876062
smallY_largeL,T3_dS1_2_dS2_2_dF_3_alpha_m3,10000000.0,lambdaT3,mass,0.0,0.0,0.09609847033876062
smallY_largeL,T3_dS1_2_dS2_2_dF_3_alpha_m3,10000000.0,lambdaT3,other,0.0,0.0,0.09609847033876062
smallY_largeL,T3_dS1_2_dS2_2_dF_3_alpha_p1,10000000.0,y1,gauge,0.029985111188982196,0.9999629648273527,0.9999262529292507
smallY_largeL,T3_dS1_2_dS2_2_dF_3_alpha_p1,10000000.0,y1,yukawa,1.1105448989532827e-06,3.703517264725914e-05,0.9999262529292507
smallY_largeL,T3_dS1_2_dS2_2_dF_3_alpha_p1,10000000.0,y1,scalar,0.0,0.0,0.9999262529292507
smallY_largeL,T3_dS1_2_dS2_2_dF_3_alpha_p1,10000000.0,y1,mixed,0.0,0.0,0.9999262529292507
smallY_largeL,T3_dS1_2_dS2_2_dF_3_alpha_p1,10000000.0,y1,mass,0.0,0.0,0.9999262529292507
smallY_largeL,T3_dS1_2_dS2_2_dF_3_alpha_p1,10000000.0,y1,other,0.0,0.0,0.9999262529292507
smallY_largeL,T3_dS1_2_dS2_2_dF_3_alpha_p1,10000000.0,y2,gauge,0.031773,0.9999604962372002,0.9999213605730554
smallY_largeL,T3_dS1_2_dS2_2_dF_3_alpha_p1,10000000.0,y2,yukawa,1.255202640669227e-06,3.950376279991956e-05,0.9999213605730554
smallY_largeL,T3_dS1_2_dS2_2_dF_3_alpha_p1,10000000.0,y2,scalar,0.0,0.0,0.9999213605730554
smallY_largeL,T3_dS1_2_dS2_2_dF_3_alpha_p1,10000000.0,y2,mixed,0.0,0.0,0.9999213605730554
smallY_largeL,T3_dS1_2_dS2_2_dF_3_alpha_p1,10000000.0,y2,mass,0.0,0.0,0.9999213605730554
smallY_largeL,T3_dS1_2_dS2_2_dF_3_alpha_p1,10000000.0,y2,other,0.0,0.0,0.9999213605730554
smallY_largeL,T3_dS1_2_dS2_2_dF_3_alpha_p1,10000000.0,lambdaT3,gauge,4.9689,0.5480492351693803,0.09609847033876062
smallY_largeL,T3_dS1_2_dS2_2_dF_3_alpha_p1,10000000.0,lambdaT3,yukawa,0.0,0.0,0.09609847033876062
smallY_largeL,T3_dS1_2_dS2_2_dF_3_alpha_p1,10000000.0,lambdaT3,scalar,0.72,0.07941303896676405,0.09609847033876062
smallY_largeL,T3_dS1_2_dS2_2_dF_3_alpha_p1,10000000.0,lambdaT3,mixed,3.377621183018,0.3725377258638557,0.09609847033876062
smallY_largeL,T3_dS1_2_dS2_2_dF_3_alpha_p1,10000000.0,lambdaT3,mass,0.0,0.0,0.09609847033876062
smallY_largeL,T3_dS1_2_dS2_2_dF_3_alpha_p1,10000000.0,lambdaT3,other,0.0,0.0,0.09609847033876062
smallY_largeL,T3_dS1_3_dS2_1_dF_2_alpha_m2,10000000.0,y1,gauge,0.015821810534275147,0.9999426926927721,0.9998860987680132
smallY_largeL,T3_dS1_3_dS2_1_dF_2_alpha_m2,10000000.0,y1,yukawa,9.067573210113543e-07,5.7307307228004124e-05,0.9998860987680132
smallY_largeL,T3_dS1_3_dS2_1_dF_2_alpha_m2,10000000.0,y1,scalar,0.0,0.0,0.9998860987680132
smallY_largeL,T3_dS1_3_dS2_1_dF_2_alpha_m2,10000000.0,y1,mixed,0.0,0.0,0.9998860987680132
smallY_largeL,T3_dS1_3_dS2_1_dF_2_alpha_m2,10000000.0,y1,mass,0.0,0.0,0.9998860987680132
smallY_largeL,T3_dS1_3_dS2_1_dF_2_alpha_m2,10000000.0,y1,other,0.0,0.0,0.9998860987680132
smallY_largeL,T3_dS1_3_dS2_1_dF_2_alpha_m2,10000000.0,y2,gauge,0.0167652,0.9999128770348454,0.9998263358795424
smallY_largeL,T3_dS1_3_dS2_1_dF_2_alpha_m2,10000000.0,y2,yukawa,1.460761201256493e-06,8.712296515456164e-05,0.9998263358795424
smallY_largeL,T3_dS1_3_dS2_1_dF_2_alpha_m2,10000000.0,y2,scalar,0.0,0.0,0.9998263358795424
smallY_largeL,T3_dS1_3_dS2_1_dF_2_alpha_m2,10000000.0,y2,mixed,0.0,0.0,0.9998263358795424
smallY_largeL,T3_dS1_3_dS2_1_dF_2_alpha_m2,10000000.0,y2,mass,0.0,0.0,0.9998263358795424
smallY_largeL,T3_dS1_3_dS2_1_dF_2_alpha_m2,10000000.0,y2,other,0.0,0.0,0.9998263358795424
smallY_largeL,T3_dS1_3_dS2_1_dF_2_alpha_m2,10000000.0,lambdaT3,gauge,5.01945,0.5505548846001583,0.10110976920031668
smallY_largeL,T3_dS1_3_dS2_1_dF_2_alpha_m2,10000000.0,lambdaT3,yukawa,0.0,0.0,0.10110976920031668
smallY_largeL,T3_dS1_3_dS2_1_dF_2_alpha_m2,10000000.0,lambdaT3,scalar,0.72,0.0789726995810525,0.10110976920031668
smallY_largeL,T3_dS1_3_dS2_1_dF_2_alpha_m2,10000000.0,lambdaT3,mixed,3.377624683018,0.37047241581878915,0.10110976920031668
smallY_largeL,T3_dS1_3_dS2_1_dF_2_alpha_m2,10000000.0,lambdaT3,mass,0.0,0.0,0.10110976920031668
smallY_largeL,T3_dS1_3_dS2_1_dF_2_alpha_m2,10000000.0,lambdaT3,other,0.0,0.0,0.10110976920031668
smallY_largeL,T3_dS1_3_dS2_1_dF_2_alpha_p0,10000000.0,y1,gauge,0.015821810534275147,0.9999426926927721,0.9998860987680132
smallY_largeL,T3_dS1_3_dS2_1_dF_2_alpha_p0,10000000.0,y1,yukawa,9.067573210113543e-07,5.7307307228004124e-05,0.9998860987680132
smallY_largeL,T3_dS1_3_dS2_1_dF_2_alpha_p0,10000000.0,y1,scalar,0.0,0.0,0.9998860987680132
smallY_largeL,T3_dS1_3_dS2_1_dF_2_alpha_p0,10000000.0,y1,mixed,0.0,0.0,0.9998860987680132
smallY_largeL,T3_dS1_3_dS2_1_dF_2_alpha_p0,10000000.0,y1,mass,0.0,0.0,0.9998860987680132
smallY_largeL,T3_dS1_3_dS2_1_dF_2_alpha_p0,10000000.0,y1,other,0.0,0.0,0.9998860987680132
smallY_largeL,T3_dS1_3_dS2_1_dF_2_alpha_p0,10000000.0,y2,gauge,0.0167652,0.9999128770348454,0.9998263358795424
smallY_largeL,T3_dS1_3_dS2_1_dF_2_alpha_p0,10000000.0,y2,yukawa,1.460761201256493e-06,8.712296515456164e-05,0.9998263358795424
smallY_largeL,T3_dS1_3_dS2_1_dF_2_alpha_p0,10000000.0,y2,scalar,0.0,0.0,0.9998263358795424
smallY_largeL,T3_dS1_3_dS2_1_dF_2_alpha_p0,10000000.0,y2,mixed,0.0,0.0,0.9998263358795424
smallY_largeL,T3_dS1_3_dS2_1_dF_2_alpha_p0,10000000.0,y2,mass,0.0,0.0,0.9998263358795424
smallY_largeL,T3_dS1_3_dS2_1_dF_2_alpha_p0,10000000.0,y2,other,0.0,0.0,0.9998263358795424
smallY_largeL,T3_dS1_3_dS2_1_dF_2_alpha_p0,10000000.0,lambdaT3,gauge,5.01945,0.5505548846001583,0.10110976920031668
smallY_largeL,T3_dS1_3_dS2_1_dF_2_alpha_p0,10000000.0,lambdaT3,yukawa,0.0,0.0,0.10110976920031668
smallY_largeL,T3_dS1_3_dS2_1_dF_2_alpha_p0,10000000.0,lambdaT3,scalar,0.72,0.0789726995810525,0.10110976920031668
smallY_largeL,T3_dS1_3_dS2_1_dF_2_alpha_p0,10000000.0,lambdaT3,mixed,3.377624683018,0.37047241581878915,0.10110976920031668
smallY_largeL,T3_dS1_3_dS2_1_dF_2_alpha_p0,10000000.0,lambdaT3,mass,0.0,0.0,0.10110976920031668
smallY_largeL,T3_dS1_3_dS2_1_dF_2_alpha_p0,10000000.0,lambdaT3,other,0.0,0.0,0.10110976920031668
smallY_largeL,T3_dS1_3_dS2_1_dF_2_alpha_p2,10000000.0,y1,gauge,0.021692561791141683,0.9999582013674307,0.9999169230516154
smallY_largeL,T3_dS1_3_dS2_1_dF_2_alpha_p2,10000000.0,y1,yukawa,9.067573210113543e-07,4.179863256932288e-05,0.9999169230516154
smallY_largeL,T3_dS1_3_dS2_1_dF_2_alpha_p2,10000000.0,y1,scalar,0.0,0.0,0.9999169230516154
smallY_largeL,T3_dS1_3_dS2_1_dF_2_alpha_p2,10000000.0,y1,mixed,0.0,0.0,0.9999169230516154
smallY_largeL,T3_dS1_3_dS2_1_dF_2_alpha_p2,10000000.0,y1,mass,0.0,0.0,0.9999169230516154
smallY_largeL,T3_dS1_3_dS2_1_dF_2_alpha_p2,10000000.0,y1,other,0.0,0.0,0.9999169230516154
smallY_largeL,T3_dS1_3_dS2_1_dF_2_alpha_p2,10000000.0,y2,gauge,0.022986,0.9999364539991419,0.9998733323504658
smallY_largeL,T3_dS1_3_dS2_1_dF_2_alpha_p2,10000000.0,y2,yukawa,1.460761201256493e-06,6.354600085808512e-05,0.9998733323504658
smallY_largeL,T3_dS1_3_dS2_1_dF_2_alpha_p2,10000000.0,y2,scalar,0.0,0.0,0.9998733323504658
smallY_largeL,T3_dS1_3_dS2_1_dF_2_alpha_p2,10000000.0,y2,mixed,0.0,0.0,0.9998733323504658
smallY_largeL,T3_dS1_3_dS2_1_dF_2_alpha_p2,10000000.0,y2,mass,0.0,0.0,0.9998733323504658
smallY_largeL,T3_dS1_3_dS2_1_dF_2_alpha_p2,10000000.0,y2,other,0.0,0.0,0.9998733323504658
smallY_largeL,T3_dS1_3_dS2_1_dF_2_alpha_p2,10000000.0,lambdaT3,gauge,6.57465,0.6160495485055079,0.2320990970110156
smallY_largeL,T3_dS1_3_dS2_1_dF_2_alpha_p2,10000000.0,lambdaT3,yukawa,0.0,0.0,0.2320990970110156
smallY_largeL,T3_dS1_3_dS2_1_dF_2_alpha_p2,10000000.0,lambdaT3,scalar,0.72,0.06746453041971293,0.2320990970110156
smallY_largeL,T3_dS1_3_dS2_1_dF_2_alpha_p2,10000000.0,lambdaT3,mixed,3.377624683018,0.3164859210747793,0.2320990970110156
smallY_largeL,T3_dS1_3_dS2_1_dF_2_alpha_p2,10000000.0,lambdaT3,mass,0.0,0.0,0.2320990970110156
smallY_largeL,T3_dS1_3_dS2_1_dF_2_alpha_p2,10000000.0,lambdaT3,other,0.0,0.0,0.2320990970110156
smallY_largeL,T3_dS1_3_dS2_3_dF_2_alpha_m2,10000000.0,y1,gauge,0.015821810534275147,0.9999400688718506,0.9998808698682891
smallY_largeL,T3_dS1_3_dS2_3_dF_2_alpha_m2,10000000.0,y1,yukawa,9.482757859237869e-07,5.993112814946124e-05,0.9998808698682891
smallY_largeL,T3_dS1_3_dS2_3_dF_2_alpha_m2,10000000.0,y1,scalar,0.0,0.0,0.9998808698682891
smallY_largeL,T3_dS1_3_dS2_3_dF_2_alpha_m2,10000000.0,y1,mixed,0.0,0.0,0.9998808698682891
smallY_largeL,T3_dS1_3_dS2_3_dF_2_alpha_m2,10000000.0,y1,mass,0.0,0.0,0.9998808698682891
smallY_largeL,T3_dS1_3_dS2_3_dF_2_alpha_m2,10000000.0,y1,other,0.0,0.0,0.9998808698682891
smallY_largeL,T3_dS1_3_dS2_3_dF_2_alpha_m2,10000000.0,y2,gauge,0.0167652,0.9999373364529417,0.9998755452897036
smallY_largeL,T3_dS1_3_dS2_3_dF_2_alpha_m2,10000000.0,y2,yukawa,1.0506327355168826e-06,6.266354705837208e-05,0.9998755452897036
smallY_largeL,T3_dS1_3_dS2_3_dF_2_alpha_m2,10000000.0,y2,scalar,0.0,0.0,0.9998755452897036
smallY_largeL,T3_dS1_3_dS2_3_dF_2_alpha_m2,10000000.0,y2,mixed,0.0,0.0,0.9998755452897036
smallY_largeL,T3_dS1_3_dS2_3_dF_2_alpha_m2,10000000.0,y2,mass,0.0,0.0,0.9998755452897036
smallY_largeL,T3_dS1_3_dS2_3_dF_2_alpha_m2,10000000.0,y2,other,0.0,0.0,0.9998755452897036
smallY_largeL,T3_dS1_3_dS2_3_dF_2_alpha_m2,10000000.0,lambdaT3,gauge,3.777225,0.648338746462882,0.2966774929257641
smallY_largeL,T3_dS1_3_dS2_3_dF_2_alpha_m2,10000000.0,lambdaT3,yukawa,0.0,0.0,0.2966774929257641
smallY_largeL,T3_dS1_3_dS2_3_dF_2_alpha_m2,10000000.0,lambdaT3,scalar,0.36,0.061791910390998024,0.2966774929257641
smallY_largeL,T3_dS1_3_dS2_3_dF_2_alpha_m2,10000000.0,lambdaT3,mixed,1.688780341509,0.2898693431461199,0.2966774929257641
smallY_largeL,T3_dS1_3_dS2_3_dF_2_alpha_m2,10000000.0,lambdaT3,mass,0.0,0.0,0.2966774929257641
smallY_largeL,T3_dS1_3_dS2_3_dF_2_alpha_m2,10000000.0,lambdaT3,other,0.0,0.0,0.2966774929257641
smallY_largeL,T3_dS1_3_dS2_3_dF_2_alpha_m4,10000000.0,y1,gauge,0.021692561791141683,0.999956287581724,0.9999131091500629
smallY_largeL,T3_dS1_3_dS2_3_dF_2_alpha_m4,10000000.0,y1,yukawa,9.482757859237869e-07,4.371241827616736e-05,0.9999131091500629
smallY_largeL,T3_dS1_3_dS2_3_dF_2_alpha_m4,10000000.0,y1,scalar,0.0,0.0,0.9999131091500629
smallY_largeL,T3_dS1_3_dS2_3_dF_2_alpha_m4,10000000.0,y1,mixed,0.0,0.0,0.9999131091500629
smallY_largeL,T3_dS1_3_dS2_3_dF_2_alpha_m4,10000000.0,y1,mass,0.0,0.0,0.9999131091500629
smallY_largeL,T3_dS1_3_dS2_3_dF_2_alpha_m4,10000000.0,y1,other,0.0,0.0,0.9999131091500629
smallY_largeL,T3_dS1_3_dS2_3_dF_2_alpha_m4,10000000.0,y2,gauge,0.022986,0.9999542945829675,0.9999092254528456
smallY_largeL,T3_dS1_3_dS2_3_dF_2_alpha_m4,10000000.0,y2,yukawa,1.0506327355168826e-06,4.570541703252231e-05,0.9999092254528456
smallY_largeL,T3_dS1_3_dS2_3_dF_2_alpha_m4,10000000.0,y2,scalar,0.0,0.0,0.9999092254528456
smallY_largeL,T3_dS1_3_dS2_3_dF_2_alpha_m4,10000000.0,y2,mixed,0.0,0.0,0.9999092254528456
smallY_largeL,T3_dS1_3_dS2_3_dF_2_alpha_m4,10000000.0,y2,mass,0.0,0.0,0.9999092254528456
smallY_largeL,T3_dS1_3_dS2_3_dF_2_alpha_m4,10000000.0,y2,other,0.0,0.0,0.9999092254528456
smallY_largeL,T3_dS1_3_dS2_3_dF_2_alpha_m4,10000000.0,lambdaT3,gauge,4.554825,0.6897482154739384,0.37949643094787683
smallY_largeL,T3_dS1_3_dS2_3_dF_2_alpha_m4,10000000.0,lambdaT3,yukawa,0.0,0.0,0.37949643094787683
smallY_largeL,T3_dS1_3_dS2_3_dF_2_alpha_m4,10000000.0,lambdaT3,scalar,0.36,0.05451567460234319,0.37949643094787683
smallY_largeL,T3_dS1_3_dS2_3_dF_2_alpha_m4,10000000.0,lambdaT3,mixed,1.688780341509,0.2557361099237185,0.37949643094787683
smallY_largeL,T3_dS1_3_dS2_3_dF_2_alpha_m4,10000000.0,lambdaT3,mass,0.0,0.0,0.37949643094787683
smallY_largeL,T3_dS1_3_dS2_3_dF_2_alpha_m4,10000000.0,lambdaT3,other,0.0,0.0,0.37949643094787683
smallY_largeL,T3_dS1_3_dS2_3_dF_2_alpha_p0,10000000.0,y1,gauge,0.015821810534275147,0.9999400688718506,0.9998808698682891
smallY_largeL,T3_dS1_3_dS2_3_dF_2_alpha_p0,10000000.0,y1,yukawa,9.482757859237869e-07,5.993112814946124e-05,0.9998808698682891
smallY_largeL,T3_dS1_3_dS2_3_dF_2_alpha_p0,10000000.0,y1,scalar,0.0,0.0,0.9998808698682891
smallY_largeL,T3_dS1_3_dS2_3_dF_2_alpha_p0,10000000.0,y1,mixed,0.0,0.0,0.9998808698682891
smallY_largeL,T3_dS1_3_dS2_3_dF_2_alpha_p0,10000000.0,y1,mass,0.0,0.0,0.9998808698682891
smallY_largeL,T3_dS1_3_dS2_3_dF_2_alpha_p0,10000000.0,y1,other,0.0,0.0,0.9998808698682891
smallY_largeL,T3_dS1_3_dS2_3_dF_2_alpha_p0,10000000.0,y2,gauge,0.0167652,0.9999373364529417,0.9998755452897036
smallY_largeL,T3_dS1_3_dS2_3_dF_2_alpha_p0,10000000.0,y2,yukawa,1.0506327355168826e-06,6.266354705837208e-05,0.9998755452897036
smallY_largeL,T3_dS1_3_dS2_3_dF_2_alpha_p0,10000000.0,y2,scalar,0.0,0.0,0.9998755452897036
smallY_largeL,T3_dS1_3_dS2_3_dF_2_alpha_p0,10000000.0,y2,mixed,0.0,0.0,0.9998755452897036
smallY_largeL,T3_dS1_3_dS2_3_dF_2_alpha_p0,10000000.0,y2,mass,0.0,0.0,0.9998755452897036
smallY_largeL,T3_dS1_3_dS2_3_dF_2_alpha_p0,10000000.0,y2,other,0.0,0.0,0.9998755452897036
smallY_largeL,T3_dS1_3_dS2_3_dF_2_alpha_p0,10000000.0,lambdaT3,gauge,3.777225,0.648338746462882,0.2966774929257641
smallY_largeL,T3_dS1_3_dS2_3_dF_2_alpha_p0,10000000.0,lambdaT3,yukawa,0.0,0.0,0.2966774929257641
smallY_largeL,T3_dS1_3_dS2_3_dF_2_alpha_p0,10000000.0,lambdaT3,scalar,0.36,0.061791910390998024,0.2966774929257641
smallY_largeL,T3_dS1_3_dS2_3_dF_2_alpha_p0,10000000.0,lambdaT3,mixed,1.688780341509,0.2898693431461199,0.2966774929257641
smallY_largeL,T3_dS1_3_dS2_3_dF_2_alpha_p0,10000000.0,lambdaT3,mass,0.0,0.0,0.2966774929257641
smallY_largeL,T3_dS1_3_dS2_3_dF_2_alpha_p0,10000000.0,lambdaT3,other,0.0,0.0,0.2966774929257641
smallY_largeL,T3_dS1_3_dS2_3_dF_2_alpha_p2,10000000.0,y1,gauge,0.021692561791141683,0.999956287581724,0.9999131091500629
smallY_largeL,T3_dS1_3_dS2_3_dF_2_alpha_p2,10000000.0,y1,yukawa,9.482757859237869e-07,4.371241827616736e-05,0.9999131091500629
smallY_largeL,T3_dS1_3_dS2_3_dF_2_alpha_p2,10000000.0,y1,scalar,0.0,0.0,0.9999131091500629
smallY_largeL,T3_dS1_3_dS2_3_dF_2_alpha_p2,10000000.0,y1,mixed,0.0,0.0,0.9999131091500629
smallY_largeL,T3_dS1_3_dS2_3_dF_2_alpha_p2,10000000.0,y1,mass,0.0,0.0,0.9999131091500629
smallY_largeL,T3_dS1_3_dS2_3_dF_2_alpha_p2,10000000.0,y1,other,0.0,0.0,0.9999131091500629
smallY_largeL,T3_dS1_3_dS2_3_dF_2_alpha_p2,10000000.0,y2,gauge,0.022986,0.9999542945829675,0.9999092254528456
smallY_largeL,T3_dS1_3_dS2_3_dF_2_alpha_p2,10000000.0,y2,yukawa,1.0506327355168826e-06,4.570541703252231e-05,0.9999092254528456
smallY_largeL,T3_dS1_3_dS2_3_dF_2_alpha_p2,10000000.0,y2,scalar,0.0,0.0,0.9999092254528456
smallY_largeL,T3_dS1_3_dS2_3_dF_2_alpha_p2,10000000.0,y2,mixed,0.0,0.0,0.9999092254528456
smallY_largeL,T3_dS1_3_dS2_3_dF_2_alpha_p2,10000000.0,y2,mass,0.0,0.0,0.9999092254528456
smallY_largeL,T3_dS1_3_dS2_3_dF_2_alpha_p2,10000000.0,y2,other,0.0,0.0,0.9999092254528456
smallY_largeL,T3_dS1_3_dS2_3_dF_2_alpha_p2,10000000.0,lambdaT3,gauge,4.554825,0.6897482154739384,0.37949643094787683
smallY_largeL,T3_dS1_3_dS2_3_dF_2_alpha_p2,10000000.0,lambdaT3,yukawa,0.0,0.0,0.37949643094787683
smallY_largeL,T3_dS1_3_dS2_3_dF_2_alpha_p2,10000000.0,lambdaT3,scalar,0.36,0.05451567460234319,0.37949643094787683
smallY_largeL,T3_dS1_3_dS2_3_dF_2_alpha_p2,10000000.0,lambdaT3,mixed,1.688780341509,0.2557361099237185,0.37949643094787683
smallY_largeL,T3_dS1_3_dS2_3_dF_2_alpha_p2,10000000.0,lambdaT3,mass,0.0,0.0,0.37949643094787683
smallY_largeL,T3_dS1_3_dS2_3_dF_2_alpha_p2,10000000.0,lambdaT3,other,0.0,0.0,0.37949643094787683
largeY_smallL,T3_dS1_1_dS2_3_dF_2_alpha_m2,10000000.0,y1,gauge,1.5821810534275147,0.5705562200331417,0.1446695708499815
largeY_smallL,T3_dS1_1_dS2_3_dF_2_alpha_m2,10000000.0,y1,yukawa,1.1908691699766067,0.4294437799668583,0.1446695708499815
largeY_smallL,T3_dS1_1_dS2_3_dF_2_alpha_m2,10000000.0,y1,scalar,0.0,0.0,0.1446695708499815
largeY_smallL,T3_dS1_1_dS2_3_dF_2_alpha_m2,10000000.0,y1,mixed,0.0,0.0,0.1446695708499815
largeY_smallL,T3_dS1_1_dS2_3_dF_2_alpha_m2,10000000.0,y1,mass,0.0,0.0,0.1446695708499815
largeY_smallL,T3_dS1_1_dS2_3_dF_2_alpha_m2,10000000.0,y1,other,0.0,0.0,0.1446695708499815
largeY_smallL,T3_dS1_1_dS2_3_dF_2_alpha_m2,10000000.0,y2,gauge,1.67652,0.653692398133525,0.31342515569325835
largeY_smallL,T3_dS1_1_dS2_3_dF_2_alpha_m2,10000000.0,y2,yukawa,0.8881725140737977,0.3463076018664751,0.31342515569325835
largeY_smallL,T3_dS1_1_dS2_3_dF_2_alpha_m2,10000000.0,y2,scalar,0.0,0.0,0.31342515569325835
largeY_smallL,T3_dS1_1_dS2_3_dF_2_alpha_m2,10000000.0,y2,mixed,0.0,0.0,0.31342515569325835
largeY_smallL,T3_dS1_1_dS2_3_dF_2_alpha_m2,10000000.0,y2,mass,0.0,0.0,0.31342515569325835
largeY_smallL,T3_dS1_1_dS2_3_dF_2_alpha_m2,10000000.0,y2,other,0.0,0.0,0.31342515569325835
largeY_smallL,T3_dS1_1_dS2_3_dF_2_alpha_m2,10000000.0,lambdaT3,gauge,0.5019450000000001,0.460631441265524,0.07873711746895201
largeY_smallL,T3_dS1_1_dS2_3_dF_2_alpha_m2,10000000.0,lambdaT3,yukawa,0.0,0.0,0.07873711746895201
largeY_smallL,T3_dS1_1_dS2_3_dF_2_alpha_m2,10000000.0,lambdaT3,scalar,0.07200000000000001,0.06607390007095942,0.07873711746895201
largeY_smallL,T3_dS1_1_dS2_3_dF_2_alpha_m2,10000000.0,lambdaT3,mixed,0.5157439683018,0.4732946586635166,0.07873711746895201
largeY_smallL,T3_dS1_1_dS2_3_dF_2_alpha_m2,10000000.0,lambdaT3,mass,0.0,0.0,0.07873711746895201
largeY_smallL,T3_dS1_1_dS2_3_dF_2_alpha_m2,10000000.0,lambdaT3,other,0.0,0.0,0.07873711746895201
largeY_smallL,T3_dS1_1_dS2_3_dF_2_alpha_m4,10000000.0,y1,gauge,2.1692561791141682,0.6455878735896424,0.29280128892633267
largeY_smallL,T3_dS1_1_dS2_3_dF_2_alpha_m4,10000000.0,y1,yukawa,1.1908691699766067,0.35441212641035763,0.29280128892633267
largeY_smallL,T3_dS1_1_dS2_3_dF_2_alpha_m4,10000000.0,y1,scalar,0.0,0.0,0.29280128892633267
largeY_smallL,T3_dS1_1_dS2_3_dF_2_alpha_m4,10000000.0,y1,mixed,0.0,0.0,0.29280128892633267
largeY_smallL,T3_dS1_1_dS2_3_dF_2_alpha_m4,10000000.0,y1,mass,0.0,0.0,0.29280128892633267
largeY_smallL,T3_dS1_1_dS2_3_dF_2_alpha_m4,10000000.0,y1,other,0.0,0.0,0.29280128892633267
largeY_smallL,T3_dS1_1_dS2_3_dF_2_alpha_m4,10000000.0,y2,gauge,2.2986000000000004,0.7212940333358135,0.4463341792416322
largeY_smallL,T3_dS1_1_dS2_3_dF_2_alpha_m4,10000000.0,y2,yukawa,0.8881725140737977,0.27870596666418646,0.4463341792416322
largeY_smallL,T3_dS1_1_dS2_3_dF_2_alpha_m4,10000000.0,y2,scalar,0.0,0.0,0.4463341792416322
largeY_smallL,T3_dS1_1_dS2_3_dF_2_alpha_m4,10000000.0,y2,mixed,0.0,0.0,0.4463341792416322
largeY_smallL,T3_dS1_1_dS2_3_dF_2_alpha_m4,10000000.0,y2,mass,0.0,0.0,0.4463341792416322
largeY_smallL,T3_dS1_1_dS2_3_dF_2_alpha_m4,10000000.0,y2,other,0.0,0.0,0.4463341792416322
largeY_smallL,T3_dS1_1_dS2_3_dF_2_alpha_m4,10000000.0,lambdaT3,gauge,0.6574650000000001,0.5279957153670699,0.05599143073413985
largeY_smallL,T3_dS1_1_dS2_3_dF_2_alpha_m4,10000000.0,lambdaT3,yukawa,0.0,0.0,0.05599143073413985
largeY_smallL,T3_dS1_1_dS2_3_dF_2_alpha_m4,10000000.0,lambdaT3,scalar,0.07200000000000001,0.05782162017206853,0.05599143073413985
largeY_smallL,T3_dS1_1_dS2_3_dF_2_alpha_m4,10000000.0,lambdaT3,mixed,0.5157439683018,0.4141826644608615,0.05599143073413985
largeY_smallL,T3_dS1_1_dS2_3_dF_2_alpha_m4,10000000.0,lambdaT3,mass,0.0,0.0,0.05599143073413985
largeY_smallL,T3_dS1_1_dS2_3_dF_2_alpha_m4,10000000.0,lambdaT3,other,0.0,0.0,0.05599143073413985
largeY_smallL,T3_dS1_1_dS2_3_dF_2_alpha_p0,10000000.0,y1,gauge,1.5821810534275147,0.5705562200331417,0.1446695708499815
largeY_smallL,T3_dS1_1_dS2_3_dF_2_alpha_p0,10000000.0,y1,yukawa,1.1908691699766067,0.4294437799668583,0.1446695708499815
largeY_smallL,T3_dS1_1_dS2_3_dF_2_alpha_p0,10000000.0,y1,scalar,0.0,0.0,0.1446695708499815
largeY_smallL,T3_dS1_1_dS2_3_dF_2_alpha_p0,10000000.0,y1,mixed,0.0,0.0,0.1446695708499815
largeY_smallL,T3_dS1_1_dS2_3_dF_2_alpha_p0,10000000.0,y1,mass,0.0,0.0,0.1446695708499815
largeY_smallL,T3_dS1_1_dS2_3_dF_2_alpha_p0,10000000.0,y1,other,0.0,0.0,0.1446695708499815
largeY_smallL,T3_dS1_1_dS2_3_dF_2_alpha_p0,10000000.0,y2,gauge,1.67652,0.653692398133525,0.31342515569325835
largeY_smallL,T3_dS1_1_dS2_3_dF_2_alpha_p0,10000000.0,y2,yukawa,0.8881725140737977,0.3463076018664751,0.31342515569325835
largeY_smallL,T3_dS1_1_dS2_3_dF_2_alpha_p0,10000000.0,y2,scalar,0.0,0.0,0.31342515569325835
largeY_smallL,T3_dS1_1_dS2_3_dF_2_alpha_p0,10000000.0,y2,mixed,0.0,0.0,0.31342515569325835
largeY_smallL,T3_dS1_1_dS2_3_dF_2_alpha_p0,10000000.0,y2,mass,0.0,0.0,0.31342515569325835
largeY_smallL,T3_dS1_1_dS2_3_dF_2_alpha_p0,10000000.0,y2,other,0.0,0.0,0.31342515569325835
largeY_smallL,T3_dS1_1_dS2_3_dF_2_alpha_p0,10000000.0,lambdaT3,gauge,0.5019450000000001,0.460631441265524,0.07873711746895201
largeY_smallL,T3_dS1_1_dS2_3_dF_2_alpha_p0,10000000.0,lambdaT3,yukawa,0.0,0.0,0.07873711746895201
largeY_smallL,T3_dS1_1_dS2_3_dF_2_alpha_p0,10000000.0,lambdaT3,scalar,0.07200000000000001,0.06607390007095942,0.07873711746895201
largeY_smallL,T3_dS1_1_dS2_3_dF_2_alpha_p0,10000000.0,lambdaT3,mixed,0.5157439683018,0.4732946586635166,0.07873711746895201
largeY_smallL,T3_dS1_1_dS2_3_dF_2_alpha_p0,10000000.0,lambdaT3,mass,0.0,0.0,0.07873711746895201
largeY_smallL,T3_dS1_1_dS2_3_dF_2_alpha_p0,10000000.0,lambdaT3,other,0.0,0.0,0.07873711746895201
largeY_smallL,T3_dS1_2_dS2_2_dF_1_alpha_m1,10000000.0,y1,gauge,0.7910905267137573,0.37079108857681,0.2741202038848584
largeY_smallL,T3_dS1_2_dS2_2_dF_1_alpha_m1,10000000.0,y1,yukawa,1.3424303455115243,0.62920891142319,0.2741202038848584
largeY_smallL,T3_dS1_2_dS2_2_dF_1_alpha_m1,10000000.0,y1,scalar,0.0,0.0,0.2741202038848584
largeY_smallL,T3_dS1_2_dS2_2_dF_1_alpha_m1,10000000.0,y1,mixed,0.0,0.0,0.2741202038848584
largeY_smallL,T3_dS1_2_dS2_2_dF_1_alpha_m1,10000000.0,y1,mass,0.0,0.0,0.2741202038848584
largeY_smallL,T3_dS1_2_dS2_2_dF_1_alpha_m1,10000000.0,y1,other,0.0,0.0,0.2741202038848584
largeY_smallL,T3_dS1_2_dS2_2_dF_1_alpha_m1,10000000.0,y2,gauge,0.83826,0.3754761895393885,0.27598280623624544
largeY_smallL,T3_dS1_2_dS2_2_dF_1_alpha_m1,10000000.0,y2,yukawa,1.3942650531287393,0.6245238104606113,0.27598280623624544
largeY_smallL,T3_dS1_2_dS2_2_dF_1_alpha_m1,10000000.0,y2,scalar,0.0,0.0,0.27598280623624544
largeY_smallL,T3_dS1_2_dS2_2_dF_1_alpha_m1,10000000.0,y2,mixed,0.0,0.0,0.27598280623624544
largeY_smallL,T3_dS1_2_dS2_2_dF_1_alpha_m1,10000000.0,y2,mass,0.0,0.0,0.27598280623624544
largeY_smallL,T3_dS1_2_dS2_2_dF_1_alpha_m1,10000000.0,y2,other,0.0,0.0,0.27598280623624544
largeY_smallL,T3_dS1_2_dS2_2_dF_1_alpha_m1,10000000.0,lambdaT3,gauge,0.41913,0.44124801182764,0.11750397634472001
largeY_smallL,T3_dS1_2_dS2_2_dF_1_alpha_m1,10000000.0,lambdaT3,yukawa,0.0,0.0,0.11750397634472001
largeY_smallL,T3_dS1_2_dS2_2_dF_1_alpha_m1,10000000.0,lambdaT3,scalar,0.07200000000000001,0.07579952962467512,0.11750397634472001
largeY_smallL,T3_dS1_2_dS2_2_dF_1_alpha_m1,10000000.0,lambdaT3,mixed,0.45874396830180003,0.48295245854768487,0.11750397634472001
largeY_smallL,T3_dS1_2_dS2_2_dF_1_alpha_m1,10000000.0,lambdaT3,mass,0.0,0.0,0.11750397634472001
largeY_smallL,T3_dS1_2_dS2_2_dF_1_alpha_m1,10000000.0,lambdaT3,other,0.0,0.0,0.11750397634472001
largeY_smallL,T3_dS1_2_dS2_2_dF_1_alpha_m3,10000000.0,y1,gauge,1.0846280895570841,0.5682902097815826,0.1472693038183196
largeY_smallL,T3_dS1_2_dS2_2_dF_1_alpha_m3,10000000.0,y1,yukawa,0.8239532494984513,0.4317097902184173,0.1472693038183196
largeY_smallL,T3_dS1_2_dS2_2_dF_1_alpha_m3,10000000.0,y1,scalar,0.0,0.0,0.1472693038183196
largeY_smallL,T3_dS1_2_dS2_2_dF_1_alpha_m3,10000000.0,y1,mixed,0.0,0.0,0.1472693038183196
largeY_smallL,T3_dS1_2_dS2_2_dF_1_alpha_m3,10000000.0,y1,mass,0.0,0.0,0.1472693038183196
largeY_smallL,T3_dS1_2_dS2_2_dF_1_alpha_m3,10000000.0,y1,other,0.0,0.0,0.1472693038183196
largeY_smallL,T3_dS1_2_dS2_2_dF_1_alpha_m3,10000000.0,y2,gauge,1.1493000000000002,0.5640812291018578,0.1431739921165628
largeY_smallL,T3_dS1_2_dS2_2_dF_1_alpha_m3,10000000.0,y2,yukawa,0.8881725140737977,0.4359187708981422,0.1431739921165628
largeY_smallL,T3_dS1_2_dS2_2_dF_1_alpha_m3,10000000.0,y2,scalar,0.0,0.0,0.1431739921165628
largeY_smallL,T3_dS1_2_dS2_2_dF_1_alpha_m3,10000000.0,y2,mixed,0.0,0.0,0.1431739921165628
largeY_smallL,T3_dS1_2_dS2_2_dF_1_alpha_m3,10000000.0,y2,mass,0.0,0.0,0.1431739921165628
largeY_smallL,T3_dS1_2_dS2_2_dF_1_alpha_m3,10000000.0,y2,other,0.0,0.0,0.1431739921165628
largeY_smallL,T3_dS1_2_dS2_2_dF_1_alpha_m3,10000000.0,lambdaT3,gauge,0.49689000000000005,0.4835281971275508,0.03294360574489846
largeY_smallL,T3_dS1_2_dS2_2_dF_1_alpha_m3,10000000.0,lambdaT3,yukawa,0.0,0.0,0.03294360574489846
largeY_smallL,T3_dS1_2_dS2_2_dF_1_alpha_m3,10000000.0,lambdaT3,scalar,0.07200000000000001,0.07006385758051814,0.03294360574489846
largeY_smallL,T3_dS1_2_dS2_2_dF_1_alpha_m3,10000000.0,lambdaT3,mixed,0.45874396830180003,0.4464079452919311,0.03294360574489846
largeY_smallL,T3_dS1_2_dS2_2_dF_1_alpha_m3,10000000.0,lambdaT3,mass,0.0,0.0,0.03294360574489846
largeY_smallL,T3_dS1_2_dS2_2_dF_1_alpha_m3,10000000.0,lambdaT3,other,0.0,0.0,0.03294360574489846
largeY_smallL,T3_dS1_2_dS2_2_dF_1_alpha_p1,10000000.0,y1,gauge,1.0846280895570841,0.5682902097815826,0.1472693038183196
largeY_smallL,T3_dS1_2_dS2_2_dF_1_alpha_p1,10000000.0,y1,yukawa,0.8239532494984513,0.4317097902184173,0.1472693038183196
largeY_smallL,T3_dS1_2_dS2_2_dF_1_alpha_p1,10000000.0,y1,scalar,0.0,0.0,0.1472693038183196
largeY_smallL,T3_dS1_2_dS2_2_dF_1_alpha_p1,10000000.0,y1,mixed,0.0,0.0,0.1472693038183196
largeY_smallL,T3_dS1_2_dS2_2_dF_1_alpha_p1,10000000.0,y1,mass,0.0,0.0,0.1472693038183196
largeY_smallL,T3_dS1_2_dS2_2_dF_1_alpha_p1,10000000.0,y1,other,0.0,0.0,0.1472693038183196
largeY_smallL,T3_dS1_2_dS2_2_dF_1_alpha_p1,10000000.0,y2,gauge,1.1493000000000002,0.5640812291018578,0.1431739921165628
largeY_smallL,T3_dS1_2_dS2_2_dF_1_alpha_p1,10000000.0,y2,yukawa,0.8881725140737977,0.4359187708981422,0.1431739921165628
largeY_smallL,T3_dS1_2_dS2_2_dF_1_alpha_p1,10000000.0,y2,scalar,0.0,0.0,0.1431739921165628
largeY_smallL,T3_dS1_2_dS2_2_dF_1_alpha_p1,10000000.0,y2,mixed,0.0,0.0,0.1431739921165628
largeY_smallL,T3_dS1_2_dS2_2_dF_1_alpha_p1,10000000.0,y2,mass,0.0,0.0,0.1431739921165628
largeY_smallL,T3_dS1_2_dS2_2_dF_1_alpha_p1,10000000.0,y2,other,0.0,0.0,0.1431739921165628
largeY_smallL,T3_dS1_2_dS2_2_dF_1_alpha_p1,10000000.0,lambdaT3,gauge,0.49689000000000005,0.4835281971275508,0.03294360574489846
largeY_smallL,T3_dS1_2_dS2_2_dF_1_alpha_p1,10000000.0,lambdaT3,yukawa,0.0,0.0,0.03294360574489846
largeY_smallL,T3_dS1_2_dS2_2_dF_1_alpha_p1,10000000.0,lambdaT3,scalar,0.07200000000000001,0.07006385758051814,0.03294360574489846
largeY_smallL,T3_dS1_2_dS2_2_dF_1_alpha_p1,10000000.0,lambdaT3,mixed,0.45874396830180003,0.4464079452919311,0.03294360574489846
largeY_smallL,T3_dS1_2_dS2_2_dF_1_alpha_p1,10000000.0,lambdaT3,mass,0.0,0.0,0.03294360574489846
largeY_smallL,T3_dS1_2_dS2_2_dF_1_alpha_p1,10000000.0,lambdaT3,other,0.0,0.0,0.03294360574489846
largeY_smallL,T3_dS1_2_dS2_2_dF_3_alpha_m1,10000000.0,y1,gauge,2.7049735560548926,0.6223374810789315,0.26510571354958934
largeY_smallL,T3_dS1_2_dS2_2_dF_3_alpha_m1,10000000.0,y1,yukawa,1.6415002436033659,0.3776625189210686,0.26510571354958934
largeY_smallL,T3_dS1_2_dS2_2_dF_3_alpha_m1,10000000.0,y1,scalar,0.0,0.0,0.26510571354958934
largeY_smallL,T3_dS1_2_dS2_2_dF_3_alpha_m1,10000000.0,y1,mixed,0.0,0.0,0.26510571354958934
largeY_smallL,T3_dS1_2_dS2_2_dF_3_alpha_m1,10000000.0,y1,mass,0.0,0.0,0.26510571354958934
largeY_smallL,T3_dS1_2_dS2_2_dF_3_alpha_m1,10000000.0,y1,other,0.0,0.0,0.26510571354958934
largeY_smallL,T3_dS1_2_dS2_2_dF_3_alpha_m1,10000000.0,y2,gauge,2.8662600000000005,0.6243433691914979,0.274254761265474
largeY_smallL,T3_dS1_2_dS2_2_dF_3_alpha_m1,10000000.0,y2,yukawa,1.7245791783061677,0.3756566308085022,0.274254761265474
largeY_smallL,T3_dS1_2_dS2_2_dF_3_alpha_m1,10000000.0,y2,scalar,0.0,0.0,0.274254761265474
largeY_smallL,T3_dS1_2_dS2_2_dF_3_alpha_m1,10000000.0,y2,mixed,0.0,0.0,0.274254761265474
largeY_smallL,T3_dS1_2_dS2_2_dF_3_alpha_m1,10000000.0,y2,mass,0.0,0.0,0.274254761265474
largeY_smallL,T3_dS1_2_dS2_2_dF_3_alpha_m1,10000000.0,y2,other,0.0,0.0,0.274254761265474
largeY_smallL,T3_dS1_2_dS2_2_dF_3_alpha_m1,10000000.0,lambdaT3,gauge,0.41913,0.4148266019803128,0.17034679603937442
largeY_smallL,T3_dS1_2_dS2_2_dF_3_alpha_m1,10000000.0,lambdaT3,yukawa,0.0,0.0,0.17034679603937442
largeY_smallL,T3_dS1_2_dS2_2_dF_3_alpha_m1,10000000.0,lambdaT3,scalar,0.07200000000000001,0.07126074330776257,0.17034679603937442
largeY_smallL,T3_dS1_2_dS2_2_dF_3_alpha_m1,10000000.0,lambdaT3,mixed,0.5192439683018001,0.5139126547119247,0.17034679603937442
largeY_smallL,T3_dS1_2_dS2_2_dF_3_alpha_m1,10000000.0,lambdaT3,mass,0.0,0.0,0.17034679603937442
largeY_smallL,T3_dS1_2_dS2_2_dF_3_alpha_m1,10000000.0,lambdaT3,other,0.0,0.0,0.17034679603937442
largeY_smallL,T3_dS1_2_dS2_2_dF_3_alpha_m3,10000000.0,y1,gauge,2.9985111188982194,0.7446941061729994,0.49080325216604165
largeY_smallL,T3_dS1_2_dS2_2_dF_3_alpha_m3,10000000.0,y1,yukawa,1.0279892844789995,0.25530589382700064,0.49080325216604165
largeY_smallL,T3_dS1_2_dS2_2_dF_3_alpha_m3,10000000.0,y1,scalar,0.0,0.0,0.49080325216604165
largeY_smallL,T3_dS1_2_dS2_2_dF_3_alpha_m3,10000000.0,y1,mixed,0.0,0.0,0.49080325216604165
largeY_smallL,T3_dS1_2_dS2_2_dF_3_alpha_m3,10000000.0,y1,mass,0.0,0.0,0.49080325216604165
largeY_smallL,T3_dS1_2_dS2_2_dF_3_alpha_m3,10000000.0,y1,other,0.0,0.0,0.49080325216604165
largeY_smallL,T3_dS1_2_dS2_2_dF_3_alpha_m3,10000000.0,y2,gauge,3.1773000000000002,0.7370746617064274,0.47636945013604437
largeY_smallL,T3_dS1_2_dS2_2_dF_3_alpha_m3,10000000.0,y2,yukawa,1.1333894933060398,0.2629253382935727,0.47636945013604437
largeY_smallL,T3_dS1_2_dS2_2_dF_3_alpha_m3,10000000.0,y2,scalar,0.0,0.0,0.47636945013604437
largeY_smallL,T3_dS1_2_dS2_2_dF_3_alpha_m3,10000000.0,y2,mixed,0.0,0.0,0.47636945013604437
largeY_smallL,T3_dS1_2_dS2_2_dF_3_alpha_m3,10000000.0,y2,mass,0.0,0.0,0.47636945013604437
largeY_smallL,T3_dS1_2_dS2_2_dF_3_alpha_m3,10000000.0,y2,other,0.0,0.0,0.47636945013604437
largeY_smallL,T3_dS1_2_dS2_2_dF_3_alpha_m3,10000000.0,lambdaT3,gauge,0.49689000000000005,0.45664413985299357,0.08671172029401295
largeY_smallL,T3_dS1_2_dS2_2_dF_3_alpha_m3,10000000.0,lambdaT3,yukawa,0.0,0.0,0.08671172029401295
largeY_smallL,T3_dS1_2_dS2_2_dF_3_alpha_m3,10000000.0,lambdaT3,scalar,0.07200000000000001,0.06616832310856635,0.08671172029401295
largeY_smallL,T3_dS1_2_dS2_2_dF_3_alpha_m3,10000000.0,lambdaT3,mixed,0.5192439683018001,0.47718753703844013,0.08671172029401295
largeY_smallL,T3_dS1_2_dS2_2_dF_3_alpha_m3,10000000.0,lambdaT3,mass,0.0,0.0,0.08671172029401295
largeY_smallL,T3_dS1_2_dS2_2_dF_3_alpha_m3,10000000.0,lambdaT3,other,0.0,0.0,0.08671172029401295
largeY_smallL,T3_dS1_2_dS2_2_dF_3_alpha_p1,10000000.0,y1,gauge,2.9985111188982194,0.7446941061729994,0.49080325216604165
largeY_smallL,T3_dS1_2_dS2_2_dF_3_alpha_p1,10000000.0,y1,yukawa,1.0279892844789995,0.25530589382700064,0.49080325216604165
largeY_smallL,T3_dS1_2_dS2_2_dF_3_alpha_p1,10000000.0,y1,scalar,0.0,0.0,0.49080325216604165
largeY_smallL,T3_dS1_2_dS2_2_dF_3_alpha_p1,10000000.0,y1,mixed,0.0,0.0,0.49080325216604165
largeY_smallL,T3_dS1_2_dS2_2_dF_3_alpha_p1,10000000.0,y1,mass,0.0,0.0,0.49080325216604165
largeY_smallL,T3_dS1_2_dS2_2_dF_3_alpha_p1,10000000.0,y1,other,0.0,0.0,0.49080325216604165
largeY_smallL,T3_dS1_2_dS2_2_dF_3_alpha_p1,10000000.0,y2,gauge,3.1773000000000002,0.7370746617064274,0.47636945013604437
largeY_smallL,T3_dS1_2_dS2_2_dF_3_alpha_p1,10000000.0,y2,yukawa,1.1333894933060398,0.2629253382935727,0.47636945013604437
largeY_smallL,T3_dS1_2_dS2_2_dF_3_alpha_p1,10000000.0,y2,scalar,0.0,0.0,0.47636945013604437
largeY_smallL,T3_dS1_2_dS2_2_dF_3_alpha_p1,10000000.0,y2,mixed,0.0,0.0,0.47636945013604437
largeY_smallL,T3_dS1_2_dS2_2_dF_3_alpha_p1,10000000.0,y2,mass,0.0,0.0,0.47636945013604437
largeY_smallL,T3_dS1_2_dS2_2_dF_3_alpha_p1,10000000.0,y2,other,0.0,0.0,0.47636945013604437
largeY_smallL,T3_dS1_2_dS2_2_dF_3_alpha_p1,10000000.0,lambdaT3,gauge,0.49689000000000005,0.45664413985299357,0.08671172029401295
largeY_smallL,T3_dS1_2_dS2_2_dF_3_alpha_p1,10000000.0,lambdaT3,yukawa,0.0,0.0,0.08671172029401295
largeY_smallL,T3_dS1_2_dS2_2_dF_3_alpha_p1,10000000.0,lambdaT3,scalar,0.07200000000000001,0.06616832310856635,0.08671172029401295
largeY_smallL,T3_dS1_2_dS2_2_dF_3_alpha_p1,10000000.0,lambdaT3,mixed,0.5192439683018001,0.47718753703844013,0.08671172029401295
largeY_smallL,T3_dS1_2_dS2_2_dF_3_alpha_p1,10000000.0,lambdaT3,mass,0.0,0.0,0.08671172029401295
largeY_smallL,T3_dS1_2_dS2_2_dF_3_alpha_p1,10000000.0,lambdaT3,other,0.0,0.0,0.08671172029401295
largeY_smallL,T3_dS1_3_dS2_1_dF_2_alpha_m2,10000000.0,y1,gauge,1.5821810534275147,0.6575614052397293,0.31951069111204644
largeY_smallL,T3_dS1_3_dS2_1_dF_2_alpha_m2,10000000.0,y1,yukawa,0.8239532494984513,0.3424385947602707,0.31951069111204644
largeY_smallL,T3_dS1_3_dS2_1_dF_2_alpha_m2,10000000.0,y1,scalar,0.0,0.0,0.31951069111204644
largeY_smallL,T3_dS1_3_dS2_1_dF_2_alpha_m2,10000000.0,y1,mixed,0.0,0.0,0.31951069111204644
largeY_smallL,T3_dS1_3_dS2_1_dF_2_alpha_m2,10000000.0,y1,mass,0.0,0.0,0.31951069111204644
largeY_smallL,T3_dS1_3_dS2_1_dF_2_alpha_m2,10000000.0,y1,other,0.0,0.0,0.31951069111204644
largeY_smallL,T3_dS1_3_dS2_1_dF_2_alpha_m2,10000000.0,y2,gauge,1.67652,0.555974034892747,0.11870410775819945
largeY_smallL,T3_dS1_3_dS2_1_dF_2_alpha_m2,10000000.0,y2,yukawa,1.3389445626992593,0.444025965107253,0.11870410775819945
largeY_smallL,T3_dS1_3_dS2_1_dF_2_alpha_m2,10000000.0,y2,scalar,0.0,0.0,0.11870410775819945
largeY_smallL,T3_dS1_3_dS2_1_dF_2_alpha_m2,10000000.0,y2,mixed,0.0,0.0,0.11870410775819945
largeY_smallL,T3_dS1_3_dS2_1_dF_2_alpha_m2,10000000.0,y2,mass,0.0,0.0,0.11870410775819945
largeY_smallL,T3_dS1_3_dS2_1_dF_2_alpha_m2,10000000.0,y2,other,0.0,0.0,0.11870410775819945
largeY_smallL,T3_dS1_3_dS2_1_dF_2_alpha_m2,10000000.0,lambdaT3,gauge,0.5019450000000001,0.45769130036682265,0.08461739926635463
largeY_smallL,T3_dS1_3_dS2_1_dF_2_alpha_m2,10000000.0,lambdaT3,yukawa,0.0,0.0,0.08461739926635463
largeY_smallL,T3_dS1_3_dS2_1_dF_2_alpha_m2,10000000.0,lambdaT3,scalar,0.07200000000000001,0.0656521603490646,0.08461739926635463
largeY_smallL,T3_dS1_3_dS2_1_dF_2_alpha_m2,10000000.0,lambdaT3,mixed,0.5227439683018,0.47665653928411267,0.08461739926635463
largeY_smallL,T3_dS1_3_dS2_1_dF_2_alpha_m2,10000000.0,lambdaT3,mass,0.0,0.0,0.08461739926635463
largeY_smallL,T3_dS1_3_dS2_1_dF_2_alpha_m2,10000000.0,lambdaT3,other,0.0,0.0,0.08461739926635463
largeY_smallL,T3_dS1_3_dS2_1_dF_2_alpha_p0,10000000.0,y1,gauge,1.5821810534275147,0.6575614052397293,0.31951069111204644
largeY_smallL,T3_dS1_3_dS2_1_dF_2_alpha_p0,10000000.0,y1,yukawa,0.8239532494984513,0.3424385947602707,0.31951069111204644
largeY_smallL,T3_dS1_3_dS2_1_dF_2_alpha_p0,10000000.0,y1,scalar,0.0,0.0,0.31951069111204644
largeY_smallL,T3_dS1_3_dS2_1_dF_2_alpha_p0,10000000.0,y1,mixed,0.0,0.0,0.31951069111204644
largeY_smallL,T3_dS1_3_dS2_1_dF_2_alpha_p0,10000000.0,y1,mass,0.0,0.0,0.31951069111204644
largeY_smallL,T3_dS1_3_dS2_1_dF_2_alpha_p0,10000000.0,y1,other,0.0,0.0,0.31951069111204644
largeY_smallL,T3_dS1_3_dS2_1_dF_2_alpha_p0,10000000.0,y2,gauge,1.67652,0.555974034892747,0.11870410775819945
largeY_smallL,T3_dS1_3_dS2_1_dF_2_alpha_p0,10000000.0,y2,yukawa,1.3389445626992593,0.444025965107253,0.11870410775819945
largeY_smallL,T3_dS1_3_dS2_1_dF_2_alpha_p0,10000000.0,y2,scalar,0.0,0.0,0.11870410775819945
largeY_smallL,T3_dS1_3_dS2_1_dF_2_alpha_p0,10000000.0,y2,mixed,0.0,0.0,0.11870410775819945
largeY_smallL,T3_dS1_3_dS2_1_dF_2_alpha_p0,10000000.0,y2,mass,0.0,0.0,0.11870410775819945
largeY_smallL,T3_dS1_3_dS2_1_dF_2_alpha_p0,10000000.0,y2,other,0.0,0.0,0.11870410775819945
largeY_smallL,T3_dS1_3_dS2_1_dF_2_alpha_p0,10000000.0,lambdaT3,gauge,0.5019450000000001,0.45769130036682265,0.08461739926635463
largeY_smallL,T3_dS1_3_dS2_1_dF_2_alpha_p0,10000000.0,lambdaT3,yukawa,0.0,0.0,0.08461739926635463
largeY_smallL,T3_dS1_3_dS2_1_dF_2_alpha_p0,10000000.0,lambdaT3,scalar,0.07200000000000001,0.0656521603490646,0.08461739926635463
largeY_smallL,T3_dS1_3_dS2_1_dF_2_alpha_p0,10000000.0,lambdaT3,mixed,0.5227439683018,0.47665653928411267,0.08461739926635463
largeY_smallL,T3_dS1_3_dS2_1_dF_2_alpha_p0,10000000.0,lambdaT3,mass,0.0,0.0,0.08461739926635463
largeY_smallL,T3_dS1_3_dS2_1_dF_2_alpha_p0,10000000.0,lambdaT3,other,0.0,0.0,0.08461739926635463
largeY_smallL,T3_dS1_3_dS2_1_dF_2_alpha_p2,10000000.0,y1,gauge,2.1692561791141682,0.7247258271933343,0.4521879624917827
largeY_smallL,T3_dS1_3_dS2_1_dF_2_alpha_p2,10000000.0,y1,yukawa,0.8239532494984513,0.2752741728066657,0.4521879624917827
largeY_smallL,T3_dS1_3_dS2_1_dF_2_alpha_p2,10000000.0,y1,scalar,0.0,0.0,0.4521879624917827
largeY_smallL,T3_dS1_3_dS2_1_dF_2_alpha_p2,10000000.0,y1,mixed,0.0,0.0,0.4521879624917827
largeY_smallL,T3_dS1_3_dS2_1_dF_2_alpha_p2,10000000.0,y1,mass,0.0,0.0,0.4521879624917827
largeY_smallL,T3_dS1_3_dS2_1_dF_2_alpha_p2,10000000.0,y1,other,0.0,0.0,0.4521879624917827
largeY_smallL,T3_dS1_3_dS2_1_dF_2_alpha_p2,10000000.0,y2,gauge,2.2986000000000004,0.6319097843008449,0.26658769967930607
largeY_smallL,T3_dS1_3_dS2_1_dF_2_alpha_p2,10000000.0,y2,yukawa,1.3389445626992593,0.3680902156991551,0.26658769967930607
largeY_smallL,T3_dS1_3_dS2_1_dF_2_alpha_p2,10000000.0,y2,scalar,0.0,0.0,0.26658769967930607
largeY_smallL,T3_dS1_3_dS2_1_dF_2_alpha_p2,10000000.0,y2,mixed,0.0,0.0,0.26658769967930607
largeY_smallL,T3_dS1_3_dS2_1_dF_2_alpha_p2,10000000.0,y2,mass,0.0,0.0,0.26658769967930607
largeY_smallL,T3_dS1_3_dS2_1_dF_2_alpha_p2,10000000.0,y2,other,0.0,0.0,0.26658769967930607
largeY_smallL,T3_dS1_3_dS2_1_dF_2_alpha_p2,10000000.0,lambdaT3,gauge,0.6574650000000001,0.5250441552831474,0.050088310566294654
largeY_smallL,T3_dS1_3_dS2_1_dF_2_alpha_p2,10000000.0,lambdaT3,yukawa,0.0,0.0,0.050088310566294654
largeY_smallL,T3_dS1_3_dS2_1_dF_2_alpha_p2,10000000.0,lambdaT3,scalar,0.07200000000000001,0.05749839030273339,0.050088310566294654
largeY_smallL,T3_dS1_3_dS2_1_dF_2_alpha_p2,10000000.0,lambdaT3,mixed,0.5227439683018,0.4174574544141193,0.050088310566294654
largeY_smallL,T3_dS1_3_dS2_1_dF_2_alpha_p2,10000000.0,lambdaT3,mass,0.0,0.0,0.050088310566294654
largeY_smallL,T3_dS1_3_dS2_1_dF_2_alpha_p2,10000000.0,lambdaT3,other,0.0,0.0,0.050088310566294654
largeY_smallL,T3_dS1_3_dS2_3_dF_2_alpha_m2,10000000.0,y1,gauge,1.5821810534275147,0.6463164984755962,0.2977630849707496
largeY_smallL,T3_dS1_3_dS2_3_dF_2_alpha_m2,10000000.0,y1,yukawa,0.8658162623755798,0.35368350152440364,0.2977630849707496
largeY_smallL,T3_dS1_3_dS2_3_dF_2_alpha_m2,10000000.0,y1,scalar,0.0,0.0,0.2977630849707496
largeY_smallL,T3_dS1_3_dS2_3_dF_2_alpha_m2,10000000.0,y1,mixed,0.0,0.0,0.2977630849707496
largeY_smallL,T3_dS1_3_dS2_3_dF_2_alpha_m2,10000000.0,y1,mass,0.0,0.0,0.2977630849707496
largeY_smallL,T3_dS1_3_dS2_3_dF_2_alpha_m2,10000000.0,y1,other,0.0,0.0,0.2977630849707496
largeY_smallL,T3_dS1_3_dS2_3_dF_2_alpha_m2,10000000.0,y2,gauge,1.67652,0.6434605853658485,0.29476346560438443
largeY_smallL,T3_dS1_3_dS2_3_dF_2_alpha_m2,10000000.0,y2,yukawa,0.9289542716631062,0.3565394146341515,0.29476346560438443
largeY_smallL,T3_dS1_3_dS2_3_dF_2_alpha_m2,10000000.0,y2,scalar,0.0,0.0,0.29476346560438443
largeY_smallL,T3_dS1_3_dS2_3_dF_2_alpha_m2,10000000.0,y2,mixed,0.0,0.0,0.29476346560438443
largeY_smallL,T3_dS1_3_dS2_3_dF_2_alpha_m2,10000000.0,y2,mass,0.0,0.0,0.29476346560438443
largeY_smallL,T3_dS1_3_dS2_3_dF_2_alpha_m2,10000000.0,y2,other,0.0,0.0,0.29476346560438443
largeY_smallL,T3_dS1_3_dS2_3_dF_2_alpha_m2,10000000.0,lambdaT3,gauge,0.37772250000000007,0.5873514845936211,0.17470296918724207
largeY_smallL,T3_dS1_3_dS2_3_dF_2_alpha_m2,10000000.0,lambdaT3,yukawa,0.0,0.0,0.17470296918724207
largeY_smallL,T3_dS1_3_dS2_3_dF_2_alpha_m2,10000000.0,lambdaT3,scalar,0.036000000000000004,0.05597933256655443,0.17470296918724207
largeY_smallL,T3_dS1_3_dS2_3_dF_2_alpha_m2,10000000.0,lambdaT3,mixed,0.22937198415090002,0.3566691828398245,0.17470296918724207
largeY_smallL,T3_dS1_3_dS2_3_dF_2_alpha_m2,10000000.0,lambdaT3,mass,0.0,0.0,0.17470296918724207
largeY_smallL,T3_dS1_3_dS2_3_dF_2_alpha_m2,10000000.0,lambdaT3,other,0.0,0.0,0.17470296918724207
largeY_smallL,T3_dS1_3_dS2_3_dF_2_alpha_m4,10000000.0,y1,gauge,2.1692561791141682,0.7147296220875048,0.43259305721411684
largeY_smallL,T3_dS1_3_dS2_3_dF_2_alpha_m4,10000000.0,y1,yukawa,0.8658162623755798,0.28527037791249515,0.43259305721411684
largeY_smallL,T3_dS1_3_dS2_3_dF_2_alpha_m4,10000000.0,y1,scalar,0.0,0.0,0.43259305721411684
largeY_smallL,T3_dS1_3_dS2_3_dF_2_alpha_m4,10000000.0,y1,mixed,0.0,0.0,0.43259305721411684
largeY_smallL,T3_dS1_3_dS2_3_dF_2_alpha_m4,10000000.0,y1,mass,0.0,0.0,0.43259305721411684
largeY_smallL,T3_dS1_3_dS2_3_dF_2_alpha_m4,10000000.0,y1,other,0.0,0.0,0.43259305721411684
largeY_smallL,T3_dS1_3_dS2_3_dF_2_alpha_m4,10000000.0,y2,gauge,2.2986000000000004,0.7121801235632109,0.4291356548237653
largeY_smallL,T3_dS1_3_dS2_3_dF_2_alpha_m4,10000000.0,y2,yukawa,0.9289542716631062,0.2878198764367891,0.4291356548237653
largeY_smallL,T3_dS1_3_dS2_3_dF_2_alpha_m4,10000000.0,y2,scalar,0.0,0.0,0.4291356548237653
largeY_smallL,T3_dS1_3_dS2_3_dF_2_alpha_m4,10000000.0,y2,mixed,0.0,0.0,0.4291356548237653
largeY_smallL,T3_dS1_3_dS2_3_dF_2_alpha_m4,10000000.0,y2,mass,0.0,0.0,0.4291356548237653
largeY_smallL,T3_dS1_3_dS2_3_dF_2_alpha_m4,10000000.0,y2,other,0.0,0.0,0.4291356548237653
largeY_smallL,T3_dS1_3_dS2_3_dF_2_alpha_m4,10000000.0,lambdaT3,gauge,0.45548250000000007,0.631864696709928,0.2637293934198559
largeY_smallL,T3_dS1_3_dS2_3_dF_2_alpha_m4,10000000.0,lambdaT3,yukawa,0.0,0.0,0.2637293934198559
largeY_smallL,T3_dS1_3_dS2_3_dF_2_alpha_m4,10000000.0,lambdaT3,scalar,0.036000000000000004,0.04994073116213555,0.2637293934198559
largeY_smallL,T3_dS1_3_dS2_3_dF_2_alpha_m4,10000000.0,lambdaT3,mixed,0.22937198415090002,0.31819457212793645,0.2637293934198559
largeY_smallL,T3_dS1_3_dS2_3_dF_2_alpha_m4,10000000.0,lambdaT3,mass,0.0,0.0,0.2637293934198559
largeY_smallL,T3_dS1_3_dS2_3_dF_2_alpha_m4,10000000.0,lambdaT3,other,0.0,0.0,0.2637293934198559
largeY_smallL,T3_dS1_3_dS2_3_dF_2_alpha_p0,10000000.0,y1,gauge,1.5821810534275147,0.6463164984755962,0.2977630849707496
largeY_smallL,T3_dS1_3_dS2_3_dF_2_alpha_p0,10000000.0,y1,yukawa,0.8658162623755798,0.35368350152440364,0.2977630849707496
largeY_smallL,T3_dS1_3_dS2_3_dF_2_alpha_p0,10000000.0,y1,scalar,0.0,0.0,0.2977630849707496
largeY_smallL,T3_dS1_3_dS2_3_dF_2_alpha_p0,10000000.0,y1,mixed,0.0,0.0,0.2977630849707496
largeY_smallL,T3_dS1_3_dS2_3_dF_2_alpha_p0,10000000.0,y1,mass,0.0,0.0,0.2977630849707496
largeY_smallL,T3_dS1_3_dS2_3_dF_2_alpha_p0,10000000.0,y1,other,0.0,0.0,0.2977630849707496
largeY_smallL,T3_dS1_3_dS2_3_dF_2_alpha_p0,10000000.0,y2,gauge,1.67652,0.6434605853658485,0.29476346560438443
largeY_smallL,T3_dS1_3_dS2_3_dF_2_alpha_p0,10000000.0,y2,yukawa,0.9289542716631062,0.3565394146341515,0.29476346560438443
largeY_smallL,T3_dS1_3_dS2_3_dF_2_alpha_p0,10000000.0,y2,scalar,0.0,0.0,0.29476346560438443
largeY_smallL,T3_dS1_3_dS2_3_dF_2_alpha_p0,10000000.0,y2,mixed,0.0,0.0,0.29476346560438443
largeY_smallL,T3_dS1_3_dS2_3_dF_2_alpha_p0,10000000.0,y2,mass,0.0,0.0,0.29476346560438443
largeY_smallL,T3_dS1_3_dS2_3_dF_2_alpha_p0,10000000.0,y2,other,0.0,0.0,0.29476346560438443
largeY_smallL,T3_dS1_3_dS2_3_dF_2_alpha_p0,10000000.0,lambdaT3,gauge,0.37772250000000007,0.5873514845936211,0.17470296918724207
largeY_smallL,T3_dS1_3_dS2_3_dF_2_alpha_p0,10000000.0,lambdaT3,yukawa,0.0,0.0,0.17470296918724207
largeY_smallL,T3_dS1_3_dS2_3_dF_2_alpha_p0,10000000.0,lambdaT3,scalar,0.036000000000000004,0.05597933256655443,0.17470296918724207
largeY_smallL,T3_dS1_3_dS2_3_dF_2_alpha_p0,10000000.0,lambdaT3,mixed,0.22937198415090002,0.3566691828398245,0.17470296918724207
largeY_smallL,T3_dS1_3_dS2_3_dF_2_alpha_p0,10000000.0,lambdaT3,mass,0.0,0.0,0.17470296918724207
largeY_smallL,T3_dS1_3_dS2_3_dF_2_alpha_p0,10000000.0,lambdaT3,other,0.0,0.0,0.17470296918724207
largeY_smallL,T3_dS1_3_dS2_3_dF_2_alpha_p2,10000000.0,y1,gauge,2.1692561791141682,0.7147296220875048,0.43259305721411684
largeY_smallL,T3_dS1_3_dS2_3_dF_2_alpha_p2,10000000.0,y1,yukawa,0.8658162623755798,0.28527037791249515,0.43259305721411684
largeY_smallL,T3_dS1_3_dS2_3_dF_2_alpha_p2,10000000.0,y1,scalar,0.0,0.0,0.43259305721411684
largeY_smallL,T3_dS1_3_dS2_3_dF_2_alpha_p2,10000000.0,y1,mixed,0.0,0.0,0.43259305721411684
largeY_smallL,T3_dS1_3_dS2_3_dF_2_alpha_p2,10000000.0,y1,mass,0.0,0.0,0.43259305721411684
largeY_smallL,T3_dS1_3_dS2_3_dF_2_alpha_p2,10000000.0,y1,other,0.0,0.0,0.43259305721411684
largeY_smallL,T3_dS1_3_dS2_3_dF_2_alpha_p2,10000000.0,y2,gauge,2.2986000000000004,0.7121801235632109,0.4291356548237653
largeY_smallL,T3_dS1_3_dS2_3_dF_2_alpha_p2,10000000.0,y2,yukawa,0.9289542716631062,0.2878198764367891,0.4291356548237653
largeY_smallL,T3_dS1_3_dS2_3_dF_2_alpha_p2,10000000.0,y2,scalar,0.0,0.0,0.4291356548237653
largeY_smallL,T3_dS1_3_dS2_3_dF_2_alpha_p2,10000000.0,y2,mixed,0.0,0.0,0.4291356548237653
largeY_smallL,T3_dS1_3_dS2_3_dF_2_alpha_p2,10000000.0,y2,mass,0.0,0.0,0.4291356548237653
largeY_smallL,T3_dS1_3_dS2_3_dF_2_alpha_p2,10000000.0,y2,other,0.0,0.0,0.4291356548237653
largeY_smallL,T3_dS1_3_dS2_3_dF_2_alpha_p2,10000000.0,lambdaT3,gauge,0.45548250000000007,0.631864696709928,0.2637293934198559
largeY_smallL,T3_dS1_3_dS2_3_dF_2_alpha_p2,10000000.0,lambdaT3,yukawa,0.0,0.0,0.2637293934198559
largeY_smallL,T3_dS1_3_dS2_3_dF_2_alpha_p2,10000000.0,lambdaT3,scalar,0.036000000000000004,0.04994073116213555,0.2637293934198559
largeY_smallL,T3_dS1_3_dS2_3_dF_2_alpha_p2,10000000.0,lambdaT3,mixed,0.22937198415090002,0.31819457212793645,0.2637293934198559
largeY_smallL,T3_dS1_3_dS2_3_dF_2_alpha_p2,10000000.0,lambdaT3,mass,0.0,0.0,0.2637293934198559
largeY_smallL,T3_dS1_3_dS2_3_dF_2_alpha_p2,10000000.0,lambdaT3,other,0.0,0.0,0.2637293934198559
largeY_largeL,T3_dS1_1_dS2_3_dF_2_alpha_m2,10000000.0,y1,gauge,1.5821810534275147,0.5705562200331417,0.1446695708499815
largeY_largeL,T3_dS1_1_dS2_3_dF_2_alpha_m2,10000000.0,y1,yukawa,1.1908691699766067,0.4294437799668583,0.1446695708499815
largeY_largeL,T3_dS1_1_dS2_3_dF_2_alpha_m2,10000000.0,y1,scalar,0.0,0.0,0.1446695708499815
largeY_largeL,T3_dS1_1_dS2_3_dF_2_alpha_m2,10000000.0,y1,mixed,0.0,0.0,0.1446695708499815
largeY_largeL,T3_dS1_1_dS2_3_dF_2_alpha_m2,10000000.0,y1,mass,0.0,0.0,0.1446695708499815
largeY_largeL,T3_dS1_1_dS2_3_dF_2_alpha_m2,10000000.0,y1,other,0.0,0.0,0.1446695708499815
largeY_largeL,T3_dS1_1_dS2_3_dF_2_alpha_m2,10000000.0,y2,gauge,1.67652,0.653692398133525,0.31342515569325835
largeY_largeL,T3_dS1_1_dS2_3_dF_2_alpha_m2,10000000.0,y2,yukawa,0.8881725140737977,0.3463076018664751,0.31342515569325835
largeY_largeL,T3_dS1_1_dS2_3_dF_2_alpha_m2,10000000.0,y2,scalar,0.0,0.0,0.31342515569325835
largeY_largeL,T3_dS1_1_dS2_3_dF_2_alpha_m2,10000000.0,y2,mixed,0.0,0.0,0.31342515569325835
largeY_largeL,T3_dS1_1_dS2_3_dF_2_alpha_m2,10000000.0,y2,mass,0.0,0.0,0.31342515569325835
largeY_largeL,T3_dS1_1_dS2_3_dF_2_alpha_m2,10000000.0,y2,other,0.0,0.0,0.31342515569325835
largeY_largeL,T3_dS1_1_dS2_3_dF_2_alpha_m2,10000000.0,lambdaT3,gauge,5.01945,0.4606314412655239,0.07873711746895207
largeY_largeL,T3_dS1_1_dS2_3_dF_2_alpha_m2,10000000.0,lambdaT3,yukawa,0.0,0.0,0.07873711746895207
largeY_largeL,T3_dS1_1_dS2_3_dF_2_alpha_m2,10000000.0,lambdaT3,scalar,0.72,0.06607390007095941,0.07873711746895207
largeY_largeL,T3_dS1_1_dS2_3_dF_2_alpha_m2,10000000.0,lambdaT3,mixed,5.1574396830180005,0.4732946586635166,0.07873711746895207
largeY_largeL,T3_dS1_1_dS2_3_dF_2_alpha_m2,10000000.0,lambdaT3,mass,0.0,0.0,0.07873711746895207
largeY_largeL,T3_dS1_1_dS2_3_dF_2_alpha_m2,10000000.0,lambdaT3,other,0.0,0.0,0.07873711746895207
largeY_largeL,T3_dS1_1_dS2_3_dF_2_alpha_m4,10000000.0,y1,gauge,2.1692561791141682,0.6455878735896424,0.29280128892633267
largeY_largeL,T3_dS1_1_dS2_3_dF_2_alpha_m4,10000000.0,y1,yukawa,1.1908691699766067,0.35441212641035763,0.29280128892633267
largeY_largeL,T3_dS1_1_dS2_3_dF_2_alpha_m4,10000000.0,y1,scalar,0.0,0.0,0.29280128892633267
largeY_largeL,T3_dS1_1_dS2_3_dF_2_alpha_m4,10000000.0,y1,mixed,0.0,0.0,0.29280128892633267
largeY_largeL,T3_dS1_1_dS2_3_dF_2_alpha_m4,10000000.0,y1,mass,0.0,0.0,0.29280128892633267
largeY_largeL,T3_dS1_1_dS2_3_dF_2_alpha_m4,10000000.0,y1,other,0.0,0.0,0.29280128892633267
largeY_largeL,T3_dS1_1_dS2_3_dF_2_alpha_m4,10000000.0,y2,gauge,2.2986000000000004,0.7212940333358135,0.4463341792416322
largeY_largeL,T3_dS1_1_dS2_3_dF_2_alpha_m4,10000000.0,y2,yukawa,0.8881725140737977,0.27870596666418646,0.4463341792416322
largeY_largeL,T3_dS1_1_dS2_3_dF_2_alpha_m4,10000000.0,y2,scalar,0.0,0.0,0.4463341792416322
largeY_largeL,T3_dS1_1_dS2_3_dF_2_alpha_m4,10000000.0,y2,mixed,0.0,0.0,0.4463341792416322
largeY_largeL,T3_dS1_1_dS2_3_dF_2_alpha_m4,10000000.0,y2,mass,0.0,0.0,0.4463341792416322
largeY_largeL,T3_dS1_1_dS2_3_dF_2_alpha_m4,10000000.0,y2,other,0.0,0.0,0.4463341792416322
largeY_largeL,T3_dS1_1_dS2_3_dF_2_alpha_m4,10000000.0,lambdaT3,gauge,6.57465,0.5279957153670699,0.055991430734139855
largeY_largeL,T3_dS1_1_dS2_3_dF_2_alpha_m4,10000000.0,lambdaT3,yukawa,0.0,0.0,0.055991430734139855
largeY_largeL,T3_dS1_1_dS2_3_dF_2_alpha_m4,10000000.0,lambdaT3,scalar,0.72,0.05782162017206852,0.055991430734139855
largeY_largeL,T3_dS1_1_dS2_3_dF_2_alpha_m4,10000000.0,lambdaT3,mixed,5.1574396830180005,0.41418266446086155,0.055991430734139855
largeY_largeL,T3_dS1_1_dS2_3_dF_2_alpha_m4,10000000.0,lambdaT3,mass,0.0,0.0,0.055991430734139855
largeY_largeL,T3_dS1_1_dS2_3_dF_2_alpha_m4,10000000.0,lambdaT3,other,0.0,0.0,0.055991430734139855
largeY_largeL,T3_dS1_1_dS2_3_dF_2_alpha_p0,10000000.0,y1,gauge,1.5821810534275147,0.5705562200331417,0.1446695708499815
largeY_largeL,T3_dS1_1_dS2_3_dF_2_alpha_p0,10000000.0,y1,yukawa,1.1908691699766067,0.4294437799668583,0.1446695708499815
largeY_largeL,T3_dS1_1_dS2_3_dF_2_alpha_p0,10000000.0,y1,scalar,0.0,0.0,0.1446695708499815
largeY_largeL,T3_dS1_1_dS2_3_dF_2_alpha_p0,10000000.0,y1,mixed,0.0,0.0,0.1446695708499815
largeY_largeL,T3_dS1_1_dS2_3_dF_2_alpha_p0,10000000.0,y1,mass,0.0,0.0,0.1446695708499815
largeY_largeL,T3_dS1_1_dS2_3_dF_2_alpha_p0,10000000.0,y1,other,0.0,0.0,0.1446695708499815
largeY_largeL,T3_dS1_1_dS2_3_dF_2_alpha_p0,10000000.0,y2,gauge,1.67652,0.653692398133525,0.31342515569325835
largeY_largeL,T3_dS1_1_dS2_3_dF_2_alpha_p0,10000000.0,y2,yukawa,0.8881725140737977,0.3463076018664751,0.31342515569325835
largeY_largeL,T3_dS1_1_dS2_3_dF_2_alpha_p0,10000000.0,y2,scalar,0.0,0.0,0.31342515569325835
largeY_largeL,T3_dS1_1_dS2_3_dF_2_alpha_p0,10000000.0,y2,mixed,0.0,0.0,0.31342515569325835
largeY_largeL,T3_dS1_1_dS2_3_dF_2_alpha_p0,10000000.0,y2,mass,0.0,0.0,0.31342515569325835
largeY_largeL,T3_dS1_1_dS2_3_dF_2_alpha_p0,10000000.0,y2,other,0.0,0.0,0.31342515569325835
largeY_largeL,T3_dS1_1_dS2_3_dF_2_alpha_p0,10000000.0,lambdaT3,gauge,5.01945,0.4606314412655239,0.07873711746895207
largeY_largeL,T3_dS1_1_dS2_3_dF_2_alpha_p0,10000000.0,lambdaT3,yukawa,0.0,0.0,0.07873711746895207
largeY_largeL,T3_dS1_1_dS2_3_dF_2_alpha_p0,10000000.0,lambdaT3,scalar,0.72,0.06607390007095941,0.07873711746895207
largeY_largeL,T3_dS1_1_dS2_3_dF_2_alpha_p0,10000000.0,lambdaT3,mixed,5.1574396830180005,0.4732946586635166,0.07873711746895207
largeY_largeL,T3_dS1_1_dS2_3_dF_2_alpha_p0,10000000.0,lambdaT3,mass,0.0,0.0,0.07873711746895207
largeY_largeL,T3_dS1_1_dS2_3_dF_2_alpha_p0,10000000.0,lambdaT3,other,0.0,0.0,0.07873711746895207
largeY_largeL,T3_dS1_2_dS2_2_dF_1_alpha_m1,10000000.0,y1,gauge,0.7910905267137573,0.37079108857681,0.2741202038848584
largeY_largeL,T3_dS1_2_dS2_2_dF_1_alpha_m1,10000000.0,y1,yukawa,1.3424303455115243,0.62920891142319,0.2741202038848584
largeY_largeL,T3_dS1_2_dS2_2_dF_1_alpha_m1,10000000.0,y1,scalar,0.0,0.0,0.2741202038848584
largeY_largeL,T3_dS1_2_dS2_2_dF_1_alpha_m1,10000000.0,y1,mixed,0.0,0.0,0.2741202038848584
largeY_largeL,T3_dS1_2_dS2_2_dF_1_alpha_m1,10000000.0,y1,mass,0.0,0.0,0.2741202038848584
largeY_largeL,T3_dS1_2_dS2_2_dF_1_alpha_m1,10000000.0,y1,other,0.0,0.0,0.2741202038848584
largeY_largeL,T3_dS1_2_dS2_2_dF_1_alpha_m1,10000000.0,y2,gauge,0.83826,0.3754761895393885,0.27598280623624544
largeY_largeL,T3_dS1_2_dS2_2_dF_1_alpha_m1,10000000.0,y2,yukawa,1.3942650531287393,0.6245238104606113,0.27598280623624544
largeY_largeL,T3_dS1_2_dS2_2_dF_1_alpha_m1,10000000.0,y2,scalar,0.0,0.0,0.27598280623624544
largeY_largeL,T3_dS1_2_dS2_2_dF_1_alpha_m1,10000000.0,y2,mixed,0.0,0.0,0.27598280623624544
largeY_largeL,T3_dS1_2_dS2_2_dF_1_alpha_m1,10000000.0,y2,mass,0.0,0.0,0.27598280623624544
largeY_largeL,T3_dS1_2_dS2_2_dF_1_alpha_m1,10000000.0,y2,other,0.0,0.0,0.27598280623624544
largeY_largeL,T3_dS1_2_dS2_2_dF_1_alpha_m1,10000000.0,lambdaT3,gauge,4.1913,0.44124801182764,0.11750397634471997
largeY_largeL,T3_dS1_2_dS2_2_dF_1_alpha_m1,10000000.0,lambdaT3,yukawa,0.0,0.0,0.11750397634471997
largeY_largeL,T3_dS1_2_dS2_2_dF_1_alpha_m1,10000000.0,lambdaT3,scalar,0.72,0.07579952962467511,0.11750397634471997
largeY_largeL,T3_dS1_2_dS2_2_dF_1_alpha_m1,10000000.0,lambdaT3,mixed,4.587439683018,0.48295245854768487,0.11750397634471997
largeY_largeL,T3_dS1_2_dS2_2_dF_1_alpha_m1,10000000.0,lambdaT3,mass,0.0,0.0,0.11750397634471997
largeY_largeL,T3_dS1_2_dS2_2_dF_1_alpha_m1,10000000.0,lambdaT3,other,0.0,0.0,0.11750397634471997
largeY_largeL,T3_dS1_2_dS2_2_dF_1_alpha_m3,10000000.0,y1,gauge,1.0846280895570841,0.5682902097815826,0.1472693038183196
largeY_largeL,T3_dS1_2_dS2_2_dF_1_alpha_m3,10000000.0,y1,yukawa,0.8239532494984513,0.4317097902184173,0.1472693038183196
largeY_largeL,T3_dS1_2_dS2_2_dF_1_alpha_m3,10000000.0,y1,scalar,0.0,0.0,0.1472693038183196
largeY_largeL,T3_dS1_2_dS2_2_dF_1_alpha_m3,10000000.0,y1,mixed,0.0,0.0,0.1472693038183196
largeY_largeL,T3_dS1_2_dS2_2_dF_1_alpha_m3,10000000.0,y1,mass,0.0,0.0,0.1472693038183196
largeY_largeL,T3_dS1_2_dS2_2_dF_1_alpha_m3,10000000.0,y1,other,0.0,0.0,0.1472693038183196
largeY_largeL,T3_dS1_2_dS2_2_dF_1_alpha_m3,10000000.0,y2,gauge,1.1493000000000002,0.5640812291018578,0.1431739921165628
largeY_largeL,T3_dS1_2_dS2_2_dF_1_alpha_m3,10000000.0,y2,yukawa,0.8881725140737977,0.4359187708981422,0.1431739921165628
largeY_largeL,T3_dS1_2_dS2_2_dF_1_alpha_m3,10000000.0,y2,scalar,0.0,0.0,0.1431739921165628
largeY_largeL,T3_dS1_2_dS2_2_dF_1_alpha_m3,10000000.0,y2,mixed,0.0,0.0,0.1431739921165628
largeY_largeL,T3_dS1_2_dS2_2_dF_1_alpha_m3,10000000.0,y2,mass,0.0,0.0,0.1431739921165628
largeY_largeL,T3_dS1_2_dS2_2_dF_1_alpha_m3,10000000.0,y2,other,0.0,0.0,0.1431739921165628
largeY_largeL,T3_dS1_2_dS2_2_dF_1_alpha_m3,10000000.0,lambdaT3,gauge,4.9689,0.48352819712755074,0.03294360574489851
largeY_largeL,T3_dS1_2_dS2_2_dF_1_alpha_m3,10000000.0,lambdaT3,yukawa,0.0,0.0,0.03294360574489851
largeY_largeL,T3_dS1_2_dS2_2_dF_1_alpha_m3,10000000.0,lambdaT3,scalar,0.72,0.07006385758051813,0.03294360574489851
largeY_largeL,T3_dS1_2_dS2_2_dF_1_alpha_m3,10000000.0,lambdaT3,mixed,4.587439683018,0.4464079452919311,0.03294360574489851
largeY_largeL,T3_dS1_2_dS2_2_dF_1_alpha_m3,10000000.0,lambdaT3,mass,0.0,0.0,0.03294360574489851
largeY_largeL,T3_dS1_2_dS2_2_dF_1_alpha_m3,10000000.0,lambdaT3,other,0.0,0.0,0.03294360574489851
largeY_largeL,T3_dS1_2_dS2_2_dF_1_alpha_p1,10000000.0,y1,gauge,1.0846280895570841,0.5682902097815826,0.1472693038183196
largeY_largeL,T3_dS1_2_dS2_2_dF_1_alpha_p1,10000000.0,y1,yukawa,0.8239532494984513,0.4317097902184173,0.1472693038183196
largeY_largeL,T3_dS1_2_dS2_2_dF_1_alpha_p1,10000000.0,y1,scalar,0.0,0.0,0.1472693038183196
largeY_largeL,T3_dS1_2_dS2_2_dF_1_alpha_p1,10000000.0,y1,mixed,0.0,0.0,0.1472693038183196
largeY_largeL,T3_dS1_2_dS2_2_dF_1_alpha_p1,10000000.0,y1,mass,0.0,0.0,0.1472693038183196
largeY_largeL,T3_dS1_2_dS2_2_dF_1_alpha_p1,10000000.0,y1,other,0.0,0.0,0.1472693038183196
largeY_largeL,T3_dS1_2_dS2_2_dF_1_alpha_p1,10000000.0,y2,gauge,1.1493000000000002,0.5640812291018578,0.1431739921165628
largeY_largeL,T3_dS1_2_dS2_2_dF_1_alpha_p1,10000000.0,y2,yukawa,0.8881725140737977,0.4359187708981422,0.1431739921165628
largeY_largeL,T3_dS1_2_dS2_2_dF_1_alpha_p1,10000000.0,y2,scalar,0.0,0.0,0.1431739921165628
largeY_largeL,T3_dS1_2_dS2_2_dF_1_alpha_p1,10000000.0,y2,mixed,0.0,0.0,0.1431739921165628
largeY_largeL,T3_dS1_2_dS2_2_dF_1_alpha_p1,10000000.0,y2,mass,0.0,0.0,0.1431739921165628
largeY_largeL,T3_dS1_2_dS2_2_dF_1_alpha_p1,10000000.0,y2,other,0.0,0.0,0.1431739921165628
largeY_largeL,T3_dS1_2_dS2_2_dF_1_alpha_p1,10000000.0,lambdaT3,gauge,4.9689,0.48352819712755074,0.03294360574489851
largeY_largeL,T3_dS1_2_dS2_2_dF_1_alpha_p1,10000000.0,lambdaT3,yukawa,0.0,0.0,0.03294360574489851
largeY_largeL,T3_dS1_2_dS2_2_dF_1_alpha_p1,10000000.0,lambdaT3,scalar,0.72,0.07006385758051813,0.03294360574489851
largeY_largeL,T3_dS1_2_dS2_2_dF_1_alpha_p1,10000000.0,lambdaT3,mixed,4.587439683018,0.4464079452919311,0.03294360574489851
largeY_largeL,T3_dS1_2_dS2_2_dF_1_alpha_p1,10000000.0,lambdaT3,mass,0.0,0.0,0.03294360574489851
largeY_largeL,T3_dS1_2_dS2_2_dF_1_alpha_p1,10000000.0,lambdaT3,other,0.0,0.0,0.03294360574489851
largeY_largeL,T3_dS1_2_dS2_2_dF_3_alpha_m1,10000000.0,y1,gauge,2.7049735560548926,0.6223374810789315,0.26510571354958934
largeY_largeL,T3_dS1_2_dS2_2_dF_3_alpha_m1,10000000.0,y1,yukawa,1.6415002436033659,0.3776625189210686,0.26510571354958934
largeY_largeL,T3_dS1_2_dS2_2_dF_3_alpha_m1,10000000.0,y1,scalar,0.0,0.0,0.26510571354958934
largeY_largeL,T3_dS1_2_dS2_2_dF_3_alpha_m1,10000000.0,y1,mixed,0.0,0.0,0.26510571354958934
largeY_largeL,T3_dS1_2_dS2_2_dF_3_alpha_m1,10000000.0,y1,mass,0.0,0.0,0.26510571354958934
largeY_largeL,T3_dS1_2_dS2_2_dF_3_alpha_m1,10000000.0,y1,other,0.0,0.0,0.26510571354958934
largeY_largeL,T3_dS1_2_dS2_2_dF_3_alpha_m1,10000000.0,y2,gauge,2.8662600000000005,0.6243433691914979,0.274254761265474
largeY_largeL,T3_dS1_2_dS2_2_dF_3_alpha_m1,10000000.0,y2,yukawa,1.7245791783061677,0.3756566308085022,0.274254761265474
largeY_largeL,T3_dS1_2_dS2_2_dF_3_alpha_m1,10000000.0,y2,scalar,0.0,0.0,0.274254761265474
largeY_largeL,T3_dS1_2_dS2_2_dF_3_alpha_m1,10000000.0,y2,mixed,0.0,0.0,0.274254761265474
largeY_largeL,T3_dS1_2_dS2_2_dF_3_alpha_m1,10000000.0,y2,mass,0.0,0.0,0.274254761265474
largeY_largeL,T3_dS1_2_dS2_2_dF_3_alpha_m1,10000000.0,y2,other,0.0,0.0,0.274254761265474
largeY_largeL,T3_dS1_2_dS2_2_dF_3_alpha_m1,10000000.0,lambdaT3,gauge,4.1913,0.4148266019803128,0.17034679603937436
largeY_largeL,T3_dS1_2_dS2_2_dF_3_alpha_m1,10000000.0,lambdaT3,yukawa,0.0,0.0,0.17034679603937436
largeY_largeL,T3_dS1_2_dS2_2_dF_3_alpha_m1,10000000.0,lambdaT3,scalar,0.72,0.07126074330776255,0.17034679603937436
largeY_largeL,T3_dS1_2_dS2_2_dF_3_alpha_m1,10000000.0,lambdaT3,mixed,5.192439683018001,0.5139126547119246,0.17034679603937436
largeY_largeL,T3_dS1_2_dS2_2_dF_3_alpha_m1,10000000.0,lambdaT3,mass,0.0,0.0,0.17034679603937436
largeY_largeL,T3_dS1_2_dS2_2_dF_3_alpha_m1,10000000.0,lambdaT3,other,0.0,0.0,0.17034679603937436
largeY_largeL,T3_dS1_2_dS2_2_dF_3_alpha_m3,10000000.0,y1,gauge,2.9985111188982194,0.7446941061729994,0.49080325216604165
largeY_largeL,T3_dS1_2_dS2_2_dF_3_alpha_m3,10000000.0,y1,yukawa,1.0279892844789995,0.25530589382700064,0.49080325216604165
largeY_largeL,T3_dS1_2_dS2_2_dF_3_alpha_m3,10000000.0,y1,scalar,0.0,0.0,0.49080325216604165
largeY_largeL,T3_dS1_2_dS2_2_dF_3_alpha_m3,10000000.0,y1,mixed,0.0,0.0,0.49080325216604165
largeY_largeL,T3_dS1_2_dS2_2_dF_3_alpha_m3,10000000.0,y1,mass,0.0,0.0,0.49080325216604165
largeY_largeL,T3_dS1_2_dS2_2_dF_3_alpha_m3,10000000.0,y1,other,0.0,0.0,0.49080325216604165
largeY_largeL,T3_dS1_2_dS2_2_dF_3_alpha_m3,10000000.0,y2,gauge,3.1773000000000002,0.7370746617064274,0.47636945013604437
largeY_largeL,T3_dS1_2_dS2_2_dF_3_alpha_m3,10000000.0,y2,yukawa,1.1333894933060398,0.2629253382935727,0.47636945013604437
largeY_largeL,T3_dS1_2_dS2_2_dF_3_alpha_m3,10000000.0,y2,scalar,0.0,0.0,0.47636945013604437
largeY_largeL,T3_dS1_2_dS2_2_dF_3_alpha_m3,10000000.0,y2,mixed,0.0,0.0,0.47636945013604437
largeY_largeL,T3_dS1_2_dS2_2_dF_3_alpha_m3,10000000.0,y2,mass,0.0,0.0,0.47636945013604437
largeY_largeL,T3_dS1_2_dS2_2_dF_3_alpha_m3,10000000.0,y2,other,0.0,0.0,0.47636945013604437
largeY_largeL,T3_dS1_2_dS2_2_dF_3_alpha_m3,10000000.0,lambdaT3,gauge,4.9689,0.4566441398529935,0.08671172029401299
largeY_largeL,T3_dS1_2_dS2_2_dF_3_alpha_m3,10000000.0,lambdaT3,yukawa,0.0,0.0,0.08671172029401299
largeY_largeL,T3_dS1_2_dS2_2_dF_3_alpha_m3,10000000.0,lambdaT3,scalar,0.72,0.06616832310856635,0.08671172029401299
largeY_largeL,T3_dS1_2_dS2_2_dF_3_alpha_m3,10000000.0,lambdaT3,mixed,5.192439683018001,0.4771875370384402,0.08671172029401299
largeY_largeL,T3_dS1_2_dS2_2_dF_3_alpha_m3,10000000.0,lambdaT3,mass,0.0,0.0,0.08671172029401299
largeY_largeL,T3_dS1_2_dS2_2_dF_3_alpha_m3,10000000.0,lambdaT3,other,0.0,0.0,0.08671172029401299
largeY_largeL,T3_dS1_2_dS2_2_dF_3_alpha_p1,10000000.0,y1,gauge,2.9985111188982194,0.7446941061729994,0.49080325216604165
largeY_largeL,T3_dS1_2_dS2_2_dF_3_alpha_p1,10000000.0,y1,yukawa,1.0279892844789995,0.25530589382700064,0.49080325216604165
largeY_largeL,T3_dS1_2_dS2_2_dF_3_alpha_p1,10000000.0,y1,scalar,0.0,0.0,0.49080325216604165
largeY_largeL,T3_dS1_2_dS2_2_dF_3_alpha_p1,10000000.0,y1,mixed,0.0,0.0,0.49080325216604165
largeY_largeL,T3_dS1_2_dS2_2_dF_3_alpha_p1,10000000.0,y1,mass,0.0,0.0,0.49080325216604165
largeY_largeL,T3_dS1_2_dS2_2_dF_3_alpha_p1,10000000.0,y1,other,0.0,0.0,0.49080325216604165
largeY_largeL,T3_dS1_2_dS2_2_dF_3_alpha_p1,10000000.0,y2,gauge,3.1773000000000002,0.7370746617064274,0.47636945013604437
largeY_largeL,T3_dS1_2_dS2_2_dF_3_alpha_p1,10000000.0,y2,yukawa,1.1333894933060398,0.2629253382935727,0.47636945013604437
largeY_largeL,T3_dS1_2_dS2_2_dF_3_alpha_p1,10000000.0,y2,scalar,0.0,0.0,0.47636945013604437
largeY_largeL,T3_dS1_2_dS2_2_dF_3_alpha_p1,10000000.0,y2,mixed,0.0,0.0,0.47636945013604437
largeY_largeL,T3_dS1_2_dS2_2_dF_3_alpha_p1,10000000.0,y2,mass,0.0,0.0,0.47636945013604437
largeY_largeL,T3_dS1_2_dS2_2_dF_3_alpha_p1,10000000.0,y2,other,0.0,0.0,0.47636945013604437
largeY_largeL,T3_dS1_2_dS2_2_dF_3_alpha_p1,10000000.0,lambdaT3,gauge,4.9689,0.4566441398529935,0.08671172029401299
largeY_largeL,T3_dS1_2_dS2_2_dF_3_alpha_p1,10000000.0,lambdaT3,yukawa,0.0,0.0,0.08671172029401299
largeY_largeL,T3_dS1_2_dS2_2_dF_3_alpha_p1,10000000.0,lambdaT3,scalar,0.72,0.06616832310856635,0.08671172029401299
largeY_largeL,T3_dS1_2_dS2_2_dF_3_alpha_p1,10000000.0,lambdaT3,mixed,5.192439683018001,0.4771875370384402,0.08671172029401299
largeY_largeL,T3_dS1_2_dS2_2_dF_3_alpha_p1,10000000.0,lambdaT3,mass,0.0,0.0,0.08671172029401299
largeY_largeL,T3_dS1_2_dS2_2_dF_3_alpha_p1,10000000.0,lambdaT3,other,0.0,0.0,0.08671172029401299
largeY_largeL,T3_dS1_3_dS2_1_dF_2_alpha_m2,10000000.0,y1,gauge,1.5821810534275147,0.6575614052397293,0.31951069111204644
largeY_largeL,T3_dS1_3_dS2_1_dF_2_alpha_m2,10000000.0,y1,yukawa,0.8239532494984513,0.3424385947602707,0.31951069111204644
largeY_largeL,T3_dS1_3_dS2_1_dF_2_alpha_m2,10000000.0,y1,scalar,0.0,0.0,0.31951069111204644
largeY_largeL,T3_dS1_3_dS2_1_dF_2_alpha_m2,10000000.0,y1,mixed,0.0,0.0,0.31951069111204644
largeY_largeL,T3_dS1_3_dS2_1_dF_2_alpha_m2,10000000.0,y1,mass,0.0,0.0,0.31951069111204644
largeY_largeL,T3_dS1_3_dS2_1_dF_2_alpha_m2,10000000.0,y1,other,0.0,0.0,0.31951069111204644
largeY_largeL,T3_dS1_3_dS2_1_dF_2_alpha_m2,10000000.0,y2,gauge,1.67652,0.555974034892747,0.11870410775819945
largeY_largeL,T3_dS1_3_dS2_1_dF_2_alpha_m2,10000000.0,y2,yukawa,1.3389445626992593,0.444025965107253,0.11870410775819945
largeY_largeL,T3_dS1_3_dS2_1_dF_2_alpha_m2,10000000.0,y2,scalar,0.0,0.0,0.11870410775819945
largeY_largeL,T3_dS1_3_dS2_1_dF_2_alpha_m2,10000000.0,y2,mixed,0.0,0.0,0.11870410775819945
largeY_largeL,T3_dS1_3_dS2_1_dF_2_alpha_m2,10000000.0,y2,mass,0.0,0.0,0.11870410775819945
largeY_largeL,T3_dS1_3_dS2_1_dF_2_alpha_m2,10000000.0,y2,other,0.0,0.0,0.11870410775819945
largeY_largeL,T3_dS1_3_dS2_1_dF_2_alpha_m2,10000000.0,lambdaT3,gauge,5.01945,0.45769130036682265,0.08461739926635466
largeY_largeL,T3_dS1_3_dS2_1_dF_2_alpha_m2,10000000.0,lambdaT3,yukawa,0.0,0.0,0.08461739926635466
largeY_largeL,T3_dS1_3_dS2_1_dF_2_alpha_m2,10000000.0,lambdaT3,scalar,0.72,0.0656521603490646,0.08461739926635466
largeY_largeL,T3_dS1_3_dS2_1_dF_2_alpha_m2,10000000.0,lambdaT3,mixed,5.227439683018,0.4766565392841127,0.08461739926635466
largeY_largeL,T3_dS1_3_dS2_1_dF_2_alpha_m2,10000000.0,lambdaT3,mass,0.0,0.0,0.08461739926635466
largeY_largeL,T3_dS1_3_dS2_1_dF_2_alpha_m2,10000000.0,lambdaT3,other,0.0,0.0,0.08461739926635466
largeY_largeL,T3_dS1_3_dS2_1_dF_2_alpha_p0,10000000.0,y1,gauge,1.5821810534275147,0.6575614052397293,0.31951069111204644
largeY_largeL,T3_dS1_3_dS2_1_dF_2_alpha_p0,10000000.0,y1,yukawa,0.8239532494984513,0.3424385947602707,0.31951069111204644
largeY_largeL,T3_dS1_3_dS2_1_dF_2_alpha_p0,10000000.0,y1,scalar,0.0,0.0,0.31951069111204644
largeY_largeL,T3_dS1_3_dS2_1_dF_2_alpha_p0,10000000.0,y1,mixed,0.0,0.0,0.31951069111204644
largeY_largeL,T3_dS1_3_dS2_1_dF_2_alpha_p0,10000000.0,y1,mass,0.0,0.0,0.31951069111204644
largeY_largeL,T3_dS1_3_dS2_1_dF_2_alpha_p0,10000000.0,y1,other,0.0,0.0,0.31951069111204644
largeY_largeL,T3_dS1_3_dS2_1_dF_2_alpha_p0,10000000.0,y2,gauge,1.67652,0.555974034892747,0.11870410775819945
largeY_largeL,T3_dS1_3_dS2_1_dF_2_alpha_p0,10000000.0,y2,yukawa,1.3389445626992593,0.444025965107253,0.11870410775819945
largeY_largeL,T3_dS1_3_dS2_1_dF_2_alpha_p0,10000000.0,y2,scalar,0.0,0.0,0.11870410775819945
largeY_largeL,T3_dS1_3_dS2_1_dF_2_alpha_p0,10000000.0,y2,mixed,0.0,0.0,0.11870410775819945
largeY_largeL,T3_dS1_3_dS2_1_dF_2_alpha_p0,10000000.0,y2,mass,0.0,0.0,0.11870410775819945
largeY_largeL,T3_dS1_3_dS2_1_dF_2_alpha_p0,10000000.0,y2,other,0.0,0.0,0.11870410775819945
largeY_largeL,T3_dS1_3_dS2_1_dF_2_alpha_p0,10000000.0,lambdaT3,gauge,5.01945,0.45769130036682265,0.08461739926635466
largeY_largeL,T3_dS1_3_dS2_1_dF_2_alpha_p0,10000000.0,lambdaT3,yukawa,0.0,0.0,0.08461739926635466
largeY_largeL,T3_dS1_3_dS2_1_dF_2_alpha_p0,10000000.0,lambdaT3,scalar,0.72,0.0656521603490646,0.08461739926635466
largeY_largeL,T3_dS1_3_dS2_1_dF_2_alpha_p0,10000000.0,lambdaT3,mixed,5.227439683018,0.4766565392841127,0.08461739926635466
largeY_largeL,T3_dS1_3_dS2_1_dF_2_alpha_p0,10000000.0,lambdaT3,mass,0.0,0.0,0.08461739926635466
largeY_largeL,T3_dS1_3_dS2_1_dF_2_alpha_p0,10000000.0,lambdaT3,other,0.0,0.0,0.08461739926635466
largeY_largeL,T3_dS1_3_dS2_1_dF_2_alpha_p2,10000000.0,y1,gauge,2.1692561791141682,0.7247258271933343,0.4521879624917827
largeY_largeL,T3_dS1_3_dS2_1_dF_2_alpha_p2,10000000.0,y1,yukawa,0.8239532494984513,0.2752741728066657,0.4521879624917827
largeY_largeL,T3_dS1_3_dS2_1_dF_2_alpha_p2,10000000.0,y1,scalar,0.0,0.0,0.4521879624917827
largeY_largeL,T3_dS1_3_dS2_1_dF_2_alpha_p2,10000000.0,y1,mixed,0.0,0.0,0.4521879624917827
largeY_largeL,T3_dS1_3_dS2_1_dF_2_alpha_p2,10000000.0,y1,mass,0.0,0.0,0.4521879624917827
largeY_largeL,T3_dS1_3_dS2_1_dF_2_alpha_p2,10000000.0,y1,other,0.0,0.0,0.4521879624917827
largeY_largeL,T3_dS1_3_dS2_1_dF_2_alpha_p2,10000000.0,y2,gauge,2.2986000000000004,0.6319097843008449,0.26658769967930607
largeY_largeL,T3_dS1_3_dS2_1_dF_2_alpha_p2,10000000.0,y2,yukawa,1.3389445626992593,0.3680902156991551,0.26658769967930607
largeY_largeL,T3_dS1_3_dS2_1_dF_2_alpha_p2,10000000.0,y2,scalar,0.0,0.0,0.26658769967930607
largeY_largeL,T3_dS1_3_dS2_1_dF_2_alpha_p2,10000000.0,y2,mixed,0.0,0.0,0.26658769967930607
largeY_largeL,T3_dS1_3_dS2_1_dF_2_alpha_p2,10000000.0,y2,mass,0.0,0.0,0.26658769967930607
largeY_largeL,T3_dS1_3_dS2_1_dF_2_alpha_p2,10000000.0,y2,other,0.0,0.0,0.26658769967930607
largeY_largeL,T3_dS1_3_dS2_1_dF_2_alpha_p2,10000000.0,lambdaT3,gauge,6.57465,0.5250441552831473,0.05008831056629471
largeY_largeL,T3_dS1_3_dS2_1_dF_2_alpha_p2,10000000.0,lambdaT3,yukawa,0.0,0.0,0.05008831056629471
largeY_largeL,T3_dS1_3_dS2_1_dF_2_alpha_p2,10000000.0,lambdaT3,scalar,0.72,0.05749839030273338,0.05008831056629471
largeY_largeL,T3_dS1_3_dS2_1_dF_2_alpha_p2,10000000.0,lambdaT3,mixed,5.227439683018,0.41745745441411924,0.05008831056629471
largeY_largeL,T3_dS1_3_dS2_1_dF_2_alpha_p2,10000000.0,lambdaT3,mass,0.0,0.0,0.05008831056629471
largeY_largeL,T3_dS1_3_dS2_1_dF_2_alpha_p2,10000000.0,lambdaT3,other,0.0,0.0,0.05008831056629471
largeY_largeL,T3_dS1_3_dS2_3_dF_2_alpha_m2,10000000.0,y1,gauge,1.5821810534275147,0.6463164984755962,0.2977630849707496
largeY_largeL,T3_dS1_3_dS2_3_dF_2_alpha_m2,10000000.0,y1,yukawa,0.8658162623755798,0.35368350152440364,0.2977630849707496
largeY_largeL,T3_dS1_3_dS2_3_dF_2_alpha_m2,10000000.0,y1,scalar,0.0,0.0,0.2977630849707496
largeY_largeL,T3_dS1_3_dS2_3_dF_2_alpha_m2,10000000.0,y1,mixed,0.0,0.0,0.2977630849707496
largeY_largeL,T3_dS1_3_dS2_3_dF_2_alpha_m2,10000000.0,y1,mass,0.0,0.0,0.2977630849707496
largeY_largeL,T3_dS1_3_dS2_3_dF_2_alpha_m2,10000000.0,y1,other,0.0,0.0,0.2977630849707496
largeY_largeL,T3_dS1_3_dS2_3_dF_2_alpha_m2,10000000.0,y2,gauge,1.67652,0.6434605853658485,0.29476346560438443
largeY_largeL,T3_dS1_3_dS2_3_dF_2_alpha_m2,10000000.0,y2,yukawa,0.9289542716631062,0.3565394146341515,0.29476346560438443
largeY_largeL,T3_dS1_3_dS2_3_dF_2_alpha_m2,10000000.0,y2,scalar,0.0,0.0,0.29476346560438443
largeY_largeL,T3_dS1_3_dS2_3_dF_2_alpha_m2,10000000.0,y2,mixed,0.0,0.0,0.29476346560438443
largeY_largeL,T3_dS1_3_dS2_3_dF_2_alpha_m2,10000000.0,y2,mass,0.0,0.0,0.29476346560438443
largeY_largeL,T3_dS1_3_dS2_3_dF_2_alpha_m2,10000000.0,y2,other,0.0,0.0,0.29476346560438443
largeY_largeL,T3_dS1_3_dS2_3_dF_2_alpha_m2,10000000.0,lambdaT3,gauge,3.777225,0.587351484593621,0.17470296918724204
largeY_largeL,T3_dS1_3_dS2_3_dF_2_alpha_m2,10000000.0,lambdaT3,yukawa,0.0,0.0,0.17470296918724204
largeY_largeL,T3_dS1_3_dS2_3_dF_2_alpha_m2,10000000.0,lambdaT3,scalar,0.36,0.05597933256655443,0.17470296918724204
largeY_largeL,T3_dS1_3_dS2_3_dF_2_alpha_m2,10000000.0,lambdaT3,mixed,2.293719841509,0.3566691828398245,0.17470296918724204
largeY_largeL,T3_dS1_3_dS2_3_dF_2_alpha_m2,10000000.0,lambdaT3,mass,0.0,0.0,0.17470296918724204
largeY_largeL,T3_dS1_3_dS2_3_dF_2_alpha_m2,10000000.0,lambdaT3,other,0.0,0.0,0.17470296918724204
largeY_largeL,T3_dS1_3_dS2_3_dF_2_alpha_m4,10000000.0,y1,gauge,2.1692561791141682,0.7147296220875048,0.43259305721411684
largeY_largeL,T3_dS1_3_dS2_3_dF_2_alpha_m4,10000000.0,y1,yukawa,0.8658162623755798,0.28527037791249515,0.43259305721411684
largeY_largeL,T3_dS1_3_dS2_3_dF_2_alpha_m4,10000000.0,y1,scalar,0.0,0.0,0.43259305721411684
largeY_largeL,T3_dS1_3_dS2_3_dF_2_alpha_m4,10000000.0,y1,mixed,0.0,0.0,0.43259305721411684
largeY_largeL,T3_dS1_3_dS2_3_dF_2_alpha_m4,10000000.0,y1,mass,0.0,0.0,0.43259305721411684
largeY_largeL,T3_dS1_3_dS2_3_dF_2_alpha_m4,10000000.0,y1,other,0.0,0.0,0.43259305721411684
largeY_largeL,T3_dS1_3_dS2_3_dF_2_alpha_m4,10000000.0,y2,gauge,2.2986000000000004,0.7121801235632109,0.4291356548237653
largeY_largeL,T3_dS1_3_dS2_3_dF_2_alpha_m4,10000000.0,y2,yukawa,0.9289542716631062,0.2878198764367891,0.4291356548237653
largeY_largeL,T3_dS1_3_dS2_3_dF_2_alpha_m4,10000000.0,y2,scalar,0.0,0.0,0.4291356548237653
largeY_largeL,T3_dS1_3_dS2_3_dF_2_alpha_m4,10000000.0,y2,mixed,0.0,0.0,0.4291356548237653
largeY_largeL,T3_dS1_3_dS2_3_dF_2_alpha_m4,10000000.0,y2,mass,0.0,0.0,0.4291356548237653
largeY_largeL,T3_dS1_3_dS2_3_dF_2_alpha_m4,10000000.0,y2,other,0.0,0.0,0.4291356548237653
largeY_largeL,T3_dS1_3_dS2_3_dF_2_alpha_m4,10000000.0,lambdaT3,gauge,4.554825,0.631864696709928,0.263729393419856
largeY_largeL,T3_dS1_3_dS2_3_dF_2_alpha_m4,10000000.0,lambdaT3,yukawa,0.0,0.0,0.263729393419856
largeY_largeL,T3_dS1_3_dS2_3_dF_2_alpha_m4,10000000.0,lambdaT3,scalar,0.36,0.04994073116213555,0.263729393419856
largeY_largeL,T3_dS1_3_dS2_3_dF_2_alpha_m4,10000000.0,lambdaT3,mixed,2.293719841509,0.3181945721279365,0.263729393419856
largeY_largeL,T3_dS1_3_dS2_3_dF_2_alpha_m4,10000000.0,lambdaT3,mass,0.0,0.0,0.263729393419856
largeY_largeL,T3_dS1_3_dS2_3_dF_2_alpha_m4,10000000.0,lambdaT3,other,0.0,0.0,0.263729393419856
largeY_largeL,T3_dS1_3_dS2_3_dF_2_alpha_p0,10000000.0,y1,gauge,1.5821810534275147,0.6463164984755962,0.2977630849707496
largeY_largeL,T3_dS1_3_dS2_3_dF_2_alpha_p0,10000000.0,y1,yukawa,0.8658162623755798,0.35368350152440364,0.2977630849707496
largeY_largeL,T3_dS1_3_dS2_3_dF_2_alpha_p0,10000000.0,y1,scalar,0.0,0.0,0.2977630849707496
largeY_largeL,T3_dS1_3_dS2_3_dF_2_alpha_p0,10000000.0,y1,mixed,0.0,0.0,0.2977630849707496
largeY_largeL,T3_dS1_3_dS2_3_dF_2_alpha_p0,10000000.0,y1,mass,0.0,0.0,0.2977630849707496
largeY_largeL,T3_dS1_3_dS2_3_dF_2_alpha_p0,10000000.0,y1,other,0.0,0.0,0.2977630849707496
largeY_largeL,T3_dS1_3_dS2_3_dF_2_alpha_p0,10000000.0,y2,gauge,1.67652,0.6434605853658485,0.29476346560438443
largeY_largeL,T3_dS1_3_dS2_3_dF_2_alpha_p0,10000000.0,y2,yukawa,0.9289542716631062,0.3565394146341515,0.29476346560438443
largeY_largeL,T3_dS1_3_dS2_3_dF_2_alpha_p0,10000000.0,y2,scalar,0.0,0.0,0.29476346560438443
largeY_largeL,T3_dS1_3_dS2_3_dF_2_alpha_p0,10000000.0,y2,mixed,0.0,0.0,0.29476346560438443
largeY_largeL,T3_dS1_3_dS2_3_dF_2_alpha_p0,10000000.0,y2,mass,0.0,0.0,0.29476346560438443
largeY_largeL,T3_dS1_3_dS2_3_dF_2_alpha_p0,10000000.0,y2,other,0.0,0.0,0.29476346560438443
largeY_largeL,T3_dS1_3_dS2_3_dF_2_alpha_p0,10000000.0,lambdaT3,gauge,3.777225,0.587351484593621,0.17470296918724204
largeY_largeL,T3_dS1_3_dS2_3_dF_2_alpha_p0,10000000.0,lambdaT3,yukawa,0.0,0.0,0.17470296918724204
largeY_largeL,T3_dS1_3_dS2_3_dF_2_alpha_p0,10000000.0,lambdaT3,scalar,0.36,0.05597933256655443,0.17470296918724204
largeY_largeL,T3_dS1_3_dS2_3_dF_2_alpha_p0,10000000.0,lambdaT3,mixed,2.293719841509,0.3566691828398245,0.17470296918724204
largeY_largeL,T3_dS1_3_dS2_3_dF_2_alpha_p0,10000000.0,lambdaT3,mass,0.0,0.0,0.17470296918724204
largeY_largeL,T3_dS1_3_dS2_3_dF_2_alpha_p0,10000000.0,lambdaT3,other,0.0,0.0,0.17470296918724204
largeY_largeL,T3_dS1_3_dS2_3_dF_2_alpha_p2,10000000.0,y1,gauge,2.1692561791141682,0.7147296220875048,0.43259305721411684
largeY_largeL,T3_dS1_3_dS2_3_dF_2_alpha_p2,10000000.0,y1,yukawa,0.8658162623755798,0.28527037791249515,0.43259305721411684
largeY_largeL,T3_dS1_3_dS2_3_dF_2_alpha_p2,10000000.0,y1,scalar,0.0,0.0,0.43259305721411684
largeY_largeL,T3_dS1_3_dS2_3_dF_2_alpha_p2,10000000.0,y1,mixed,0.0,0.0,0.43259305721411684
largeY_largeL,T3_dS1_3_dS2_3_dF_2_alpha_p2,10000000.0,y1,mass,0.0,0.0,0.43259305721411684
largeY_largeL,T3_dS1_3_dS2_3_dF_2_alpha_p2,10000000.0,y1,other,0.0,0.0,0.43259305721411684
largeY_largeL,T3_dS1_3_dS2_3_dF_2_alpha_p2,10000000.0,y2,gauge,2.2986000000000004,0.7121801235632109,0.4291356548237653
largeY_largeL,T3_dS1_3_dS2_3_dF_2_alpha_p2,10000000.0,y2,yukawa,0.9289542716631062,0.2878198764367891,0.4291356548237653
largeY_largeL,T3_dS1_3_dS2_3_dF_2_alpha_p2,10000000.0,y2,scalar,0.0,0.0,0.4291356548237653
largeY_largeL,T3_dS1_3_dS2_3_dF_2_alpha_p2,10000000.0,y2,mixed,0.0,0.0,0.4291356548237653
largeY_largeL,T3_dS1_3_dS2_3_dF_2_alpha_p2,10000000.0,y2,mass,0.0,0.0,0.4291356548237653
largeY_largeL,T3_dS1_3_dS2_3_dF_2_alpha_p2,10000000.0,y2,other,0.0,0.0,0.4291356548237653
largeY_largeL,T3_dS1_3_dS2_3_dF_2_alpha_p2,10000000.0,lambdaT3,gauge,4.554825,0.631864696709928,0.263729393419856
largeY_largeL,T3_dS1_3_dS2_3_dF_2_alpha_p2,10000000.0,lambdaT3,yukawa,0.0,0.0,0.263729393419856
largeY_largeL,T3_dS1_3_dS2_3_dF_2_alpha_p2,10000000.0,lambdaT3,scalar,0.36,0.04994073116213555,0.263729393419856
largeY_largeL,T3_dS1_3_dS2_3_dF_2_alpha_p2,10000000.0,lambdaT3,mixed,2.293719841509,0.3181945721279365,0.263729393419856
largeY_largeL,T3_dS1_3_dS2_3_dF_2_alpha_p2,10000000.0,lambdaT3,mass,0.0,0.0,0.263729393419856
largeY_largeL,T3_dS1_3_dS2_3_dF_2_alpha_p2,10000000.0,lambdaT3,other,0.0,0.0,0.263729393419856
